name,genres,release_date,price,total_reviews,review_positivity_ratio
Game_0,Adventure;Action,2019,9.63,27012,0.919
Game_1,RPG,2003,18.34,36303,0.775
Game_2,Indie,2007,7.8,41493,0.657
Game_3,Indie,2003,0.0,245,0.795
Game_4,Casual;Adventure,2011,15.24,2850,0.718
Game_5,Racing,2007,1.41,24150,0.623
Game_6,Adventure;Sports;Action,2020,11.35,5594,0.62
Game_7,Action;Adventure,2019,41.31,46150,0.715
Game_8,Indie,2022,2.72,35229,0.953
Game_9,Indie,2010,12.2,30795,0.254
Game_10,Racing,2013,6.42,29188,0.681
Game_11,Puzzle,2021,2.53,24319,0.704
Game_12,Action;Racing,2017,14.72,2486,0.637
Game_13,Indie;Racing,2023,5.93,38601,0.431
Game_14,Sports,2024,14.85,23909,0.96
Game_15,Indie;Strategy;RPG,2001,3.13,19650,0.559
Game_16,Action;Casual;Sports,2005,0.0,21831,0.579
Game_17,Simulation;RPG;Casual,2017,17.24,23362,0.59
Game_18,Indie;Simulation;Adventure,2002,9.43,47080,0.742
Game_19,Adventure;Sports;Puzzle,2002,6.51,9757,0.844
Game_20,Simulation;Puzzle;RPG,2003,5.1,8853,0.634
Game_21,Action;Strategy,2001,4.09,6210,0.637
Game_22,Racing;Adventure;Sports,2016,5.52,31039,0.86
Game_23,Adventure;Racing;RPG,2006,0.0,1276,0.586
Game_24,Puzzle,2023,46.41,39594,0.538
Game_25,Simulation,2002,0.0,36575,0.462
Game_26,Puzzle;Indie,2011,7.24,35448,0.678
Game_27,Adventure,2016,23.52,23409,0.862
Game_28,Action;Indie;RPG,2009,12.88,20517,0.606
Game_29,Adventure;Indie;Puzzle,2017,15.68,46967,0.749
Game_30,Sports;RPG;Strategy,2021,41.5,41530,0.945
Game_31,Simulation;Casual,2015,6.15,8840,0.715
Game_32,Simulation;Puzzle,2015,0.0,12936,0.879
Game_33,Indie,2014,4.45,12199,0.678
Game_34,RPG;Adventure,2024,23.85,23643,0.416
Game_35,Puzzle,2019,8.01,31936,0.741
Game_36,Casual;Racing,2001,4.64,11054,0.567
Game_37,Indie;Casual;Strategy,2019,1.01,2729,0.878
Game_38,Sports;RPG,2004,31.34,19258,0.824
Game_39,Racing;Indie;Simulation,2021,4.36,25170,0.72
Game_40,Action;Indie;Puzzle,2008,0.41,33617,0.679
Game_41,Simulation,2017,1.8,6179,0.55
Game_42,Sports;RPG,2018,10.69,34463,0.688
Game_43,Adventure,2008,12.03,8069,0.699
Game_44,Indie,2024,1.31,14662,0.675
Game_45,Puzzle,2013,12.77,25604,0.355
Game_46,Simulation,2010,3.11,5254,0.609
Game_47,Indie,2012,3.8,28453,0.656
Game_48,Strategy;Sports;Puzzle,2007,0.0,1930,0.533
Game_49,Casual,2002,11.03,10601,0.739
Game_50,RPG;Casual;Indie,2024,46.91,28292,0.899
Game_51,Racing,2020,7.55,13561,0.714
Game_52,Racing,2020,25.7,21630,0.605
Game_53,RPG;Sports;Racing,2022,4.55,14205,0.793
Game_54,Simulation,2015,5.56,25016,0.776
Game_55,Indie;Casual;Strategy,2024,2.31,7090,0.388
Game_56,Adventure;Action,2024,16.91,7780,0.688
Game_57,Adventure,2006,7.93,48286,0.47
Game_58,Casual,2011,33.21,16604,0.449
Game_59,Casual,2002,0.0,34609,0.538
Game_60,Sports;Adventure,2017,3.16,425,0.921
Game_61,Sports;Puzzle;Strategy,2002,5.32,5542,0.911
Game_62,Racing,2019,15.27,39380,0.653
Game_63,RPG,2020,20.54,17858,0.731
Game_64,Racing;Action;Adventure,2010,6.26,15010,0.924
Game_65,Racing,2015,9.2,8630,0.907
Game_66,RPG;Simulation;Adventure,2023,0.7,13320,0.635
Game_67,RPG,2018,0.0,11719,0.674
Game_68,Sports,2011,2.55,39868,0.898
Game_69,Casual;Strategy,2022,34.43,46973,0.885
Game_70,Action,2001,3.39,1746,0.86
Game_71,RPG,2005,51.57,6837,0.572
Game_72,Racing;Casual;Adventure,2008,15.43,31367,0.931
Game_73,RPG,2009,4.69,43990,0.387
Game_74,Racing,2016,8.65,15842,0.867
Game_75,Puzzle;Indie;Casual,2019,1.2,42091,0.691
Game_76,Simulation;Casual,2001,16.85,226,0.483
Game_77,Racing;Puzzle,2006,6.26,37183,0.669
Game_78,Action;Simulation;Strategy,2020,0.0,47156,0.74
Game_79,Action;Adventure;Simulation,2012,6.66,24836,0.605
Game_80,RPG,2007,40.38,29214,0.913
Game_81,Indie;Action,2011,16.22,12918,0.972
Game_82,Indie;Adventure;Racing,2015,10.07,39260,0.753
Game_83,Strategy,2014,4.77,41548,0.545
Game_84,Adventure;Racing,2020,14.79,41659,0.642
Game_85,Casual,2024,0.0,41703,0.414
Game_86,Casual,2020,30.44,3864,0.807
Game_87,Strategy;Racing;Casual,2002,3.65,26265,0.449
Game_88,RPG;Racing,2010,1.18,25462,0.51
Game_89,Puzzle,2012,14.09,2380,0.641
Game_90,Sports;Indie,2015,9.33,40054,0.56
Game_91,Racing,2023,0.0,9648,0.415
Game_92,Indie;RPG;Sports,2011,50.29,21244,0.801
Game_93,Simulation,2008,4.18,2804,0.646
Game_94,Strategy,2022,1.4,39461,0.734
Game_95,Racing;Strategy;Adventure,2018,13.0,8991,0.922
Game_96,Indie,2011,14.85,25826,0.674
Game_97,Indie;Adventure;Simulation,2023,11.41,25421,0.757
Game_98,Action,2007,15.09,4792,0.791
Game_99,Puzzle;Racing;Indie,2006,18.44,42708,0.596
Game_100,Puzzle;Indie,2000,1.55,327,0.758
Game_101,Action,2002,10.32,32661,0.896
Game_102,Adventure;Action,2021,19.93,8606,0.806
Game_103,Indie,2001,8.16,30045,0.918
Game_104,Adventure;Action,2019,2.2,11289,0.598
Game_105,Simulation,2001,3.41,37397,0.779
Game_106,Adventure,2005,9.43,28198,0.637
Game_107,Racing,2008,13.26,31995,0.958
Game_108,Indie;RPG,2005,3.03,49355,0.656
Game_109,Strategy;Indie;Casual,2003,0.33,22171,0.666
Game_110,Puzzle,2024,15.25,37945,0.852
Game_111,Puzzle;Strategy,2010,8.22,40768,0.746
Game_112,Indie;Strategy,2010,7.44,16227,0.747
Game_113,Sports,2018,39.06,15509,0.648
Game_114,Indie;Adventure;Racing,2022,29.54,35297,0.388
Game_115,Sports;Simulation;Puzzle,2007,2.67,46405,0.416
Game_116,Sports;Strategy;Action,2011,25.04,749,0.595
Game_117,Adventure,2011,0.0,5809,0.758
Game_118,Action,2006,2.82,8445,0.536
Game_119,Sports;Simulation,2003,5.52,31883,0.861
Game_120,Adventure;Indie;Racing,2023,22.31,21028,0.794
Game_121,Indie,2017,14.46,25025,0.378
Game_122,Racing;Strategy,2016,1.56,15852,0.602
Game_123,Casual;Sports,2007,40.48,21288,0.398
Game_124,Casual;RPG,2016,4.69,38733,0.753
Game_125,Strategy,2003,5.38,21485,0.891
Game_126,Indie,2002,0.0,19642,0.549
Game_127,Adventure,2023,17.22,2110,0.653
Game_128,Strategy,2005,0.91,18915,0.731
Game_129,Racing;Adventure;Action,2019,4.06,37575,0.803
Game_130,Racing;Action;Adventure,2006,35.3,6857,0.768
Game_131,Indie;Casual;Sports,2016,41.37,17617,0.738
Game_132,Strategy;Puzzle;Indie,2015,6.82,14261,0.555
Game_133,Sports;Action,2018,4.07,23831,0.589
Game_134,Casual,2023,2.3,41069,0.572
Game_135,Sports;Action;Puzzle,2010,14.95,42379,0.666
Game_136,RPG;Strategy;Puzzle,2021,4.47,19187,0.75
Game_137,Sports,2007,18.49,28855,0.961
Game_138,Racing;Strategy;Casual,2024,0.06,40881,0.967
Game_139,Indie;RPG,2012,0.0,42571,0.752
Game_140,Indie;Action;Racing,2021,7.48,30126,0.767
Game_141,Simulation,2020,13.99,6853,0.627
Game_142,Action;Puzzle,2015,5.58,18837,0.891
Game_143,Puzzle,2024,16.35,14090,0.758
Game_144,Strategy;Racing;Casual,2016,4.77,34000,0.531
Game_145,Action;Racing,2015,8.98,11396,0.752
Game_146,Adventure;Casual,2006,1.8,1717,0.73
Game_147,Adventure;Puzzle;Indie,2009,20.2,44316,0.685
Game_148,Sports,2000,23.66,5525,0.869
Game_149,Adventure;Indie;Action,2017,2.2,39077,0.554
Game_150,Puzzle,2015,0.0,47746,0.914
Game_151,Adventure;Sports,2017,2.1,41705,0.5
Game_152,Puzzle;Racing,2015,3.28,24436,0.657
Game_153,Simulation;RPG,2006,4.28,28434,0.675
Game_154,Indie;Simulation,2024,8.09,35895,0.899
Game_155,Indie;RPG,2010,0.0,11037,0.511
Game_156,Sports,2017,0.0,21148,0.481
Game_157,Casual;RPG;Strategy,2003,6.08,18849,0.867
Game_158,Simulation;Adventure,2014,39.39,13653,0.612
Game_159,Action,2010,32.07,27515,0.728
Game_160,Strategy,2023,8.83,21008,0.7
Game_161,Puzzle;Adventure,2019,3.96,948,0.92
Game_162,Adventure;Racing;Indie,2023,0.82,4551,0.788
Game_163,Racing;RPG;Casual,2007,1.26,31982,0.795
Game_164,Simulation,2016,9.87,27579,0.883
Game_165,Adventure;Indie,2015,3.11,42743,0.846
Game_166,Simulation,2006,32.09,3670,0.89
Game_167,RPG;Casual;Strategy,2008,6.62,16281,0.601
Game_168,Racing;RPG;Action,2016,0.0,19373,0.596
Game_169,Racing;RPG,2003,0.0,33989,0.494
Game_170,Adventure;Casual,2010,10.68,21836,0.576
Game_171,RPG;Adventure;Racing,2018,1.5,24178,0.753
Game_172,Racing;Casual,2021,5.8,46023,0.637
Game_173,RPG;Puzzle;Indie,2014,0.0,198,0.703
Game_174,Simulation,2016,2.03,44658,0.309
Game_175,Indie;RPG,2020,17.05,14199,0.563
Game_176,Racing;Strategy,2005,0.0,2017,0.72
Game_177,RPG,2016,1.58,26393,0.795
Game_178,Action,2018,0.0,10601,0.77
Game_179,Adventure;Sports,2020,4.8,36245,0.7
Game_180,RPG;Action;Racing,2015,20.51,37971,0.859
Game_181,Simulation,2003,3.17,20101,0.973
Game_182,Casual;RPG;Puzzle,2001,0.0,39025,0.842
Game_183,Strategy,2015,5.15,9312,0.879
Game_184,Racing,2006,3.17,16803,0.411
Game_185,Sports;Racing,2009,0.86,3052,0.825
Game_186,Action,2011,0.74,32086,0.706
Game_187,Adventure;Puzzle,2018,31.09,35734,0.771
Game_188,Casual,2008,3.6,38136,0.671
Game_189,Racing;Action;Simulation,2014,9.89,18252,0.849
Game_190,Puzzle;Racing,2012,20.65,41894,0.863
Game_191,Casual,2001,3.59,32355,0.868
Game_192,Sports;Casual;Action,2017,2.37,28765,0.559
Game_193,RPG,2013,14.69,11087,0.704
Game_194,Simulation;Action,2005,5.75,42084,0.536
Game_195,Simulation;Indie,2018,60.0,37734,0.765
Game_196,Indie;Adventure,2002,0.43,43784,0.801
Game_197,Simulation;Racing,2006,3.41,17219,0.827
Game_198,Sports,2005,7.29,27570,0.517
Game_199,Puzzle,2016,0.69,2618,0.583
Game_200,Casual;Indie;Puzzle,2024,0.73,29945,0.74
Game_201,Casual,2021,0.0,25511,0.916
Game_202,Sports,2003,2.64,40942,0.91
Game_203,Action,2001,15.82,36572,0.864
Game_204,Casual,2019,0.35,49522,0.913
Game_205,Simulation;Sports;Indie,2014,0.0,46624,0.62
Game_206,RPG;Casual;Adventure,2008,1.06,8391,0.233
Game_207,Sports,2022,15.1,48542,0.534
Game_208,Action;Strategy;Indie,2004,7.83,1504,0.559
Game_209,Indie;Strategy,2003,1.03,22820,0.892
Game_210,Simulation,2012,0.0,46636,0.869
Game_211,RPG;Indie;Racing,2006,0.63,30593,0.843
Game_212,Action,2005,7.06,49595,0.764
Game_213,Indie,2015,14.39,27861,0.73
Game_214,Sports;Simulation,2007,8.39,34078,0.849
Game_215,RPG;Adventure;Puzzle,2014,0.0,26677,0.885
Game_216,Simulation,2014,3.37,46356,0.777
Game_217,Racing;Sports;Simulation,2019,6.01,5726,0.711
Game_218,Action;Adventure;RPG,2024,1.75,19469,0.66
Game_219,Casual;RPG,2015,12.6,33543,0.603
Game_220,Action,2007,13.35,24659,0.723
Game_221,Adventure;Sports;Simulation,2014,2.75,48263,0.908
Game_222,Simulation;Sports;Adventure,2012,15.48,29112,0.805
Game_223,Sports,2011,3.46,6340,0.352
Game_224,Puzzle;Indie,2008,0.39,30673,0.423
Game_225,RPG;Action;Sports,2001,35.26,15592,0.93
Game_226,Action;Racing,2006,0.0,23491,0.849
Game_227,Racing,2014,45.88,3852,0.565
Game_228,Indie;Simulation;Sports,2001,9.77,43461,0.925
Game_229,Adventure;Simulation,2003,15.38,20139,0.555
Game_230,Puzzle,2014,13.27,40311,0.439
Game_231,Simulation,2024,15.53,24083,0.778
Game_232,Adventure;RPG,2004,2.31,47421,0.697
Game_233,Racing;RPG,2001,9.13,17900,0.836
Game_234,Sports;Simulation,2008,4.24,5320,0.598
Game_235,Sports,2001,18.38,23829,0.825
Game_236,RPG,2022,1.97,1713,0.704
Game_237,Racing,2019,1.2,40148,0.579
Game_238,Casual,2002,1.33,45943,0.651
Game_239,Indie,2002,4.35,10696,0.875
Game_240,Sports;Puzzle,2013,32.91,2644,0.408
Game_241,Casual,2010,4.21,37898,0.274
Game_242,Puzzle,2017,0.0,34446,0.557
Game_243,Puzzle,2023,15.35,39664,0.543
Game_244,RPG;Sports;Action,2008,5.63,28468,0.901
Game_245,RPG;Puzzle;Indie,2019,14.2,29056,0.401
Game_246,Sports,2008,0.3,13568,0.644
Game_247,Puzzle;Simulation,2005,2.64,15766,0.888
Game_248,Strategy;Puzzle,2024,11.05,31559,0.867
Game_249,Strategy;Indie,2006,0.94,46825,0.724
Game_250,Racing;Strategy;Casual,2003,14.09,15469,0.709
Game_251,Adventure;RPG;Simulation,2014,5.27,18195,0.584
Game_252,Adventure;Indie;RPG,2014,0.0,29452,0.896
Game_253,Indie,2012,0.0,2496,0.804
Game_254,Indie;Casual;Action,2002,9.91,32647,0.755
Game_255,Action,2002,0.0,6804,0.884
Game_256,Indie;Strategy;Adventure,2018,0.91,34160,0.842
Game_257,Strategy;Sports;Indie,2003,22.41,44579,0.575
Game_258,Sports;Strategy,2006,0.23,45813,0.987
Game_259,Sports;Indie,2020,7.16,7498,0.638
Game_260,Casual;Action;Adventure,2008,3.08,29863,0.727
Game_261,Sports;Indie,2008,3.07,22369,0.714
Game_262,Casual,2022,4.85,24513,0.869
Game_263,Racing,2019,5.73,34598,0.587
Game_264,Strategy,2017,20.77,49543,0.924
Game_265,Action;Racing,2004,0.0,28682,0.375
Game_266,Indie;Adventure,2007,31.41,27719,0.772
Game_267,Strategy;Casual,2014,35.67,32668,0.827
Game_268,Strategy;Racing;Simulation,2020,18.89,25256,0.83
Game_269,Strategy;Racing;Sports,2012,3.86,17440,0.701
Game_270,Racing;Strategy;Casual,2018,1.22,41165,0.731
Game_271,Strategy;Puzzle;RPG,2008,30.09,33111,0.675
Game_272,Indie,2009,6.31,28265,0.833
Game_273,RPG;Racing,2015,29.37,454,0.852
Game_274,Strategy;Indie,2014,0.04,13769,0.8
Game_275,RPG;Strategy;Adventure,2003,11.94,13162,0.697
Game_276,RPG;Indie;Puzzle,2009,1.08,32481,0.604
Game_277,Simulation;Puzzle,2021,1.87,6179,0.629
Game_278,Racing;Adventure;Casual,2013,5.2,19096,0.927
Game_279,Casual;Indie;Sports,2018,0.0,22763,0.88
Game_280,Casual;Indie,2020,5.64,37032,0.961
Game_281,Adventure;Sports;Racing,2007,7.58,7291,0.884
Game_282,Simulation,2005,0.0,30298,0.646
Game_283,Racing,2014,0.0,27368,0.753
Game_284,Strategy;Sports;Action,2011,15.29,36957,0.712
Game_285,Indie,2022,13.21,9033,0.792
Game_286,Sports,2004,30.18,29987,0.614
Game_287,Sports;Action;Puzzle,2010,0.45,20713,0.979
Game_288,Strategy;Action,2001,21.2,12962,0.91
Game_289,Simulation;RPG,2009,26.71,3711,0.856
Game_290,Sports;Puzzle;Indie,2014,0.0,19037,0.732
Game_291,Strategy;Indie,2019,9.43,21999,0.618
Game_292,RPG,2021,6.9,2546,0.821
Game_293,Sports;Strategy;Action,2000,3.37,40399,0.84
Game_294,Sports;Simulation,2021,15.24,34551,0.607
Game_295,Sports,2017,3.57,15845,0.605
Game_296,Casual;Strategy,2005,0.49,2352,0.731
Game_297,Casual;Racing;Action,2005,13.5,35315,0.749
Game_298,Sports;Action;Adventure,2019,19.41,1196,0.733
Game_299,Sports;Casual,2017,13.24,21299,0.739
Game_300,Strategy,2005,30.21,10353,0.628
Game_301,Casual;Action;RPG,2010,0.46,11710,0.517
Game_302,Sports;Simulation,2021,7.12,37757,0.517
Game_303,Indie;Strategy,2000,1.95,15173,0.656
Game_304,Simulation;Puzzle;Sports,2012,0.0,12280,0.752
Game_305,RPG,2021,0.0,15128,0.861
Game_306,Sports,2000,1.82,7443,0.716
Game_307,RPG;Adventure;Strategy,2013,9.8,37118,0.911
Game_308,Action,2013,0.0,24772,0.92
Game_309,Racing;Action,2007,2.21,10046,0.888
Game_310,Simulation;Indie;Adventure,2013,4.27,15401,0.275
Game_311,Action;Puzzle;Indie,2017,2.67,48888,0.89
Game_312,Indie,2007,7.09,28910,0.745
Game_313,Action,2012,6.9,34374,0.861
Game_314,Puzzle;Casual;Indie,2013,0.0,42826,0.547
Game_315,Casual;Strategy,2000,0.1,20057,0.944
Game_316,Adventure;Indie,2005,11.84,17410,0.418
Game_317,Strategy;RPG;Simulation,2016,12.8,49900,0.873
Game_318,Casual;Adventure;Puzzle,2012,8.52,28316,0.542
Game_319,RPG;Adventure;Action,2024,14.9,10808,0.683
Game_320,RPG,2021,0.23,42916,0.758
Game_321,Puzzle;Sports;Racing,2005,0.39,38145,0.849
Game_322,Indie;Adventure,2024,0.0,20034,0.735
Game_323,Puzzle;Indie;Adventure,2021,10.66,13546,0.739
Game_324,RPG;Adventure,2010,0.0,32841,0.923
Game_325,Puzzle,2015,5.87,27178,0.817
Game_326,Action;Simulation,2006,7.58,11833,0.465
Game_327,Racing;Sports;Simulation,2001,0.0,2721,0.698
Game_328,Adventure;Racing;Simulation,2005,10.98,40955,0.789
Game_329,Action;Sports;Strategy,2018,10.88,42322,0.787
Game_330,Adventure,2014,9.32,45326,0.917
Game_331,Sports;Simulation;Strategy,2011,33.86,18307,0.79
Game_332,Casual,2012,11.03,35205,0.594
Game_333,Sports;Casual;RPG,2019,0.0,29224,0.585
Game_334,Puzzle;Racing,2017,2.86,13313,0.459
Game_335,Strategy;Puzzle;Sports,2015,1.35,46364,0.837
Game_336,Puzzle;RPG;Simulation,2012,0.0,16801,0.77
Game_337,Indie;Adventure;RPG,2000,0.55,1512,0.648
Game_338,Strategy,2008,7.93,8282,0.74
Game_339,Indie;Strategy,2003,15.67,48400,0.344
Game_340,Puzzle;Sports,2019,4.61,3436,0.359
Game_341,Simulation,2008,3.87,26258,0.858
Game_342,Action,2006,0.07,24266,0.992
Game_343,Strategy;Simulation;Casual,2012,4.53,39037,0.683
Game_344,Strategy;Indie,2011,2.31,41055,0.678
Game_345,Simulation,2023,34.2,23652,0.921
Game_346,RPG;Simulation,2004,0.0,31585,0.659
Game_347,RPG;Puzzle,2020,0.32,40795,0.584
Game_348,Racing;Action;Indie,2005,21.13,40480,0.862
Game_349,Adventure;Indie,2020,1.07,44027,0.798
Game_350,Sports,2013,4.37,35361,0.767
Game_351,Strategy,2013,10.25,19083,0.798
Game_352,Racing;Indie;Strategy,2017,7.04,27950,0.753
Game_353,Strategy;Puzzle;Action,2002,6.77,36131,0.695
Game_354,Adventure,2019,0.0,14821,0.642
Game_355,RPG;Indie,2018,0.21,49930,0.491
Game_356,Sports,2004,22.94,22189,0.613
Game_357,Indie;RPG,2002,13.49,37856,0.754
Game_358,Puzzle;Simulation,2018,35.82,25300,0.753
Game_359,Strategy;Racing,2002,2.42,47843,0.882
Game_360,Racing;Simulation,2014,6.67,33388,0.948
Game_361,Sports;Racing;Simulation,2006,4.13,36830,0.76
Game_362,Simulation;Strategy;RPG,2017,7.14,38723,0.556
Game_363,RPG,2023,7.72,16494,0.475
Game_364,RPG;Indie;Adventure,2021,7.97,17452,0.623
Game_365,Indie;Simulation,2018,1.56,41357,0.755
Game_366,Adventure;Racing,2016,24.01,23106,0.705
Game_367,Casual,2001,13.62,33317,0.478
Game_368,Indie;Puzzle,2023,20.65,25899,0.781
Game_369,Strategy;RPG;Racing,2022,0.6,1653,0.753
Game_370,Adventure;Indie,2001,5.67,23557,0.929
Game_371,RPG,2019,3.85,8621,0.772
Game_372,Indie,2002,17.66,4341,0.455
Game_373,Simulation;Casual;RPG,2015,0.0,13063,0.764
Game_374,Action;Racing;Casual,2006,10.08,14635,0.927
Game_375,RPG,2003,8.34,37178,0.922
Game_376,Action;Puzzle;RPG,2005,7.2,12606,0.619
Game_377,Casual,2008,8.33,39856,0.858
Game_378,Strategy,2008,9.61,10510,0.815
Game_379,Adventure;Action;RPG,2007,13.61,41344,0.68
Game_380,Strategy;Puzzle,2011,2.3,26300,0.769
Game_381,Strategy;Simulation,2016,0.0,3360,0.838
Game_382,Casual,2011,2.28,5529,0.72
Game_383,Action,2014,1.7,3607,0.742
Game_384,RPG,2009,4.26,20521,0.595
Game_385,Strategy;Adventure,2006,8.3,14972,0.941
Game_386,Adventure;Sports,2003,9.42,2313,0.749
Game_387,Strategy,2007,16.84,34062,0.635
Game_388,Adventure,2004,16.8,42653,0.53
Game_389,Puzzle,2012,0.0,42109,0.943
Game_390,Action,2016,9.67,7535,0.74
Game_391,Casual,2021,2.52,43468,0.517
Game_392,Casual,2007,0.46,21280,0.527
Game_393,Puzzle,2003,6.13,10375,0.576
Game_394,RPG,2020,0.0,6670,0.668
Game_395,Adventure,2018,1.79,38370,0.681
Game_396,Indie;Adventure;Sports,2007,0.0,12812,0.735
Game_397,Puzzle;Indie,2024,0.0,32038,0.761
Game_398,Racing;Sports,2016,21.17,27712,0.699
Game_399,Strategy;Puzzle;RPG,2018,0.0,46336,0.908
Game_400,Puzzle;Sports;RPG,2008,21.15,35792,0.899
Game_401,Puzzle;Action,2011,23.37,38643,0.501
Game_402,Puzzle;Adventure;Indie,2008,0.0,24628,0.886
Game_403,Indie;RPG,2018,2.87,26431,0.519
Game_404,Adventure,2020,9.13,7466,0.603
Game_405,Casual,2021,0.0,39159,0.88
Game_406,Indie;Casual,2008,4.22,37603,0.76
Game_407,Racing;Adventure;Casual,2019,0.0,15413,0.813
Game_408,Action,2017,1.18,6999,0.419
Game_409,Sports,2000,28.07,39307,0.704
Game_410,Strategy,2019,0.25,38549,0.775
Game_411,Puzzle;Strategy,2003,5.39,39058,0.878
Game_412,RPG;Action,2003,1.35,1498,0.79
Game_413,Indie;RPG;Racing,2002,12.36,42760,0.669
Game_414,Strategy;Adventure;Indie,2013,13.49,17993,0.597
Game_415,RPG;Indie,2000,4.87,12119,0.749
Game_416,Sports;Adventure;Indie,2012,0.51,26316,0.694
Game_417,Casual;RPG,2017,17.88,42450,0.791
Game_418,Casual;Adventure,2013,1.6,40749,0.47
Game_419,Action;Casual;RPG,2006,12.72,8452,0.718
Game_420,Puzzle;RPG;Strategy,2008,0.76,48821,0.815
Game_421,Adventure,2018,0.62,38594,0.85
Game_422,Strategy;RPG,2008,0.0,46649,0.582
Game_423,Sports,2016,7.29,46495,0.678
Game_424,RPG;Racing,2017,6.95,26271,0.834
Game_425,Racing;Strategy,2013,7.05,1789,0.642
Game_426,Strategy;Adventure,2009,20.83,3618,0.979
Game_427,Puzzle;Action;Sports,2001,0.83,31300,0.656
Game_428,Simulation;RPG,2018,14.84,4551,0.658
Game_429,Action;Adventure;Indie,2007,0.0,32979,0.838
Game_430,Puzzle;Action;RPG,2011,2.59,5164,0.858
Game_431,Puzzle;Action,2000,0.98,40757,0.783
Game_432,Casual;Strategy,2018,25.18,13360,0.841
Game_433,Racing;Strategy,2022,19.91,5141,0.771
Game_434,RPG;Casual,2021,4.32,17008,0.653
Game_435,Puzzle;Sports,2007,0.0,45471,0.874
Game_436,Strategy,2002,10.03,27596,0.561
Game_437,Adventure;Strategy;Simulation,2002,0.0,49689,0.933
Game_438,Sports;Simulation;Racing,2009,5.57,12916,0.336
Game_439,Adventure;Casual;Simulation,2000,4.48,33605,0.75
Game_440,Sports;Strategy;RPG,2004,10.49,9337,0.829
Game_441,Sports,2015,12.57,21496,0.785
Game_442,Racing;Action,2001,6.14,18830,0.932
Game_443,Strategy;Adventure;Simulation,2015,3.41,31750,0.935
Game_444,RPG,2021,29.76,33664,0.881
Game_445,Simulation;Adventure;Sports,2024,1.28,2735,0.897
Game_446,Racing;Action,2024,0.0,34770,0.879
Game_447,Racing,2007,3.2,37651,0.941
Game_448,Strategy;Sports;Action,2016,7.29,19084,0.569
Game_449,Indie;Racing,2001,5.64,3498,0.798
Game_450,Simulation;Strategy;Racing,2005,0.26,21119,0.655
Game_451,Action;Indie;RPG,2019,6.3,16129,0.567
Game_452,Racing,2005,15.11,39621,0.581
Game_453,Casual,2007,30.33,6969,0.912
Game_454,RPG,2010,9.42,14844,0.677
Game_455,Strategy;Puzzle;Adventure,2008,2.02,36302,0.938
Game_456,Action;Indie,2018,2.48,47025,0.781
Game_457,Casual,2022,18.05,29721,0.735
Game_458,RPG;Racing;Action,2013,0.0,113,0.918
Game_459,Racing;Sports,2014,7.78,34960,0.925
Game_460,Adventure;Indie,2018,1.69,1564,0.56
Game_461,Adventure;Strategy;Puzzle,2010,8.41,3228,0.764
Game_462,Casual,2011,0.0,33385,0.685
Game_463,Strategy;RPG;Racing,2023,3.46,18520,0.614
Game_464,Sports;Strategy;Racing,2009,0.0,1355,0.706
Game_465,Indie,2006,0.99,20308,0.475
Game_466,Strategy;Racing,2000,2.0,18968,0.374
Game_467,Casual;Sports;Indie,2000,1.08,30119,0.613
Game_468,Puzzle;Racing;Casual,2019,24.33,47199,0.748
Game_469,Adventure;RPG;Sports,2005,14.06,5116,0.813
Game_470,Simulation;Racing;RPG,2018,8.1,33288,0.562
Game_471,Action;RPG;Racing,2001,9.93,32361,0.701
Game_472,Puzzle,2019,1.23,48843,0.825
Game_473,Puzzle;Strategy,2010,0.78,19734,0.739
Game_474,Casual;Strategy,2020,1.85,8091,0.705
Game_475,Racing;Strategy;Simulation,2020,0.0,45295,0.45
Game_476,Simulation;Racing;Sports,2014,15.55,2507,0.527
Game_477,Strategy;Simulation;Indie,2024,0.0,22490,0.64
Game_478,Indie,2023,0.0,32677,0.466
Game_479,Puzzle;Sports;Indie,2017,0.0,5103,0.415
Game_480,Sports;Action;Simulation,2012,5.03,14838,0.864
Game_481,Strategy;Sports,2023,37.28,5170,0.966
Game_482,Sports;Casual;Strategy,2024,11.88,42278,0.693
Game_483,Action;Casual,2010,0.0,12714,0.6
Game_484,Racing;Simulation,2008,1.96,30168,0.732
Game_485,Adventure,2007,5.83,11990,0.593
Game_486,Strategy;Adventure,2023,1.78,34691,0.64
Game_487,Racing,2003,14.71,39834,0.787
Game_488,Strategy,2000,7.04,2011,0.778
Game_489,Action;Casual;Sports,2012,19.27,36119,0.392
Game_490,Casual;Adventure;Strategy,2023,1.01,33042,0.341
Game_491,RPG;Simulation,2008,21.71,3833,0.797
Game_492,Puzzle;Sports,2012,15.77,13218,0.524
Game_493,Adventure;Simulation,2002,1.44,42571,0.734
Game_494,Racing;Sports;Simulation,2020,9.5,22172,0.662
Game_495,Strategy;Racing,2023,0.0,4806,0.542
Game_496,Action,2015,12.61,32095,0.755
Game_497,Puzzle;Adventure;Indie,2003,2.46,39281,0.869
Game_498,RPG;Indie,2002,15.98,21661,0.96
Game_499,Adventure;Sports,2018,7.16,5580,0.79
Game_500,Adventure;Puzzle,2003,4.29,6520,0.591
Game_501,Strategy;Casual;RPG,2001,3.52,18817,0.904
Game_502,Action;Puzzle,2022,0.0,24212,0.837
Game_503,Simulation,2013,0.98,37546,0.793
Game_504,Action;RPG;Simulation,2014,0.09,34064,0.713
Game_505,Simulation,2016,55.55,12681,0.928
Game_506,Sports,2008,0.0,34492,0.591
Game_507,Casual,2005,10.33,5666,0.613
Game_508,Indie,2012,13.12,9210,0.807
Game_509,Racing,2001,4.83,39359,0.835
Game_510,Sports;Casual;Racing,2007,4.96,45047,0.773
Game_511,Casual;Adventure,2014,41.47,34548,0.882
Game_512,Puzzle,2023,10.73,22816,0.61
Game_513,Sports;Indie;Strategy,2015,0.5,44563,0.494
Game_514,Puzzle,2018,2.79,17671,0.874
Game_515,Casual;Indie,2007,22.27,32077,0.579
Game_516,Strategy;RPG,2001,0.55,34279,0.465
Game_517,Strategy;RPG;Action,2009,2.44,3697,0.951
Game_518,Strategy,2017,0.0,47951,0.63
Game_519,RPG;Racing;Casual,2001,3.46,31931,0.812
Game_520,Adventure;Strategy,2021,0.07,12036,0.535
Game_521,Simulation;RPG;Sports,2007,8.97,41125,0.94
Game_522,RPG,2017,4.38,19053,0.883
Game_523,Strategy;RPG;Indie,2022,17.72,4183,0.485
Game_524,Sports;Strategy,2015,10.0,33783,0.874
Game_525,Adventure;Indie,2004,14.15,6784,0.597
Game_526,Sports,2006,10.98,29847,0.649
Game_527,Puzzle;Simulation,2011,14.53,33878,0.756
Game_528,Puzzle;RPG,2024,25.61,7848,0.754
Game_529,RPG,2016,0.0,39566,0.672
Game_530,Action;Sports,2015,11.12,22857,0.923
Game_531,RPG,2020,3.64,17657,0.393
Game_532,Action;Puzzle,2003,7.97,5087,0.821
Game_533,Puzzle,2002,19.2,36763,0.907
Game_534,Strategy,2014,8.24,8217,0.951
Game_535,RPG;Indie,2014,1.1,8368,0.763
Game_536,Puzzle,2006,4.0,13278,0.658
Game_537,Simulation,2015,5.01,22200,0.88
Game_538,Indie;Puzzle,2003,6.54,43954,0.677
Game_539,Puzzle;RPG,2004,22.51,37398,0.795
Game_540,Casual;Adventure,2022,29.18,36890,0.539
Game_541,Action;RPG;Strategy,2000,3.8,9949,0.904
Game_542,Action;Simulation,2013,5.65,32404,0.674
Game_543,Casual;Adventure,2021,4.07,17444,0.563
Game_544,RPG;Simulation,2017,8.06,23696,0.783
Game_545,Sports,2011,9.4,31453,0.821
Game_546,Casual,2007,5.84,8332,0.779
Game_547,Indie;Casual,2001,3.98,17299,0.731
Game_548,Racing;Simulation,2003,1.22,19765,0.822
Game_549,Racing;Puzzle,2014,0.37,43707,0.426
Game_550,RPG;Casual,2013,7.61,48356,0.853
Game_551,RPG,2009,0.97,47836,0.631
Game_552,Strategy;RPG,2007,0.0,26382,0.726
Game_553,Simulation;Adventure,2002,0.74,32114,0.474
Game_554,Strategy,2003,13.9,35810,0.831
Game_555,Adventure,2007,0.0,39120,0.672
Game_556,Casual,2023,0.0,33822,0.631
Game_557,Indie;Sports,2008,18.53,45334,0.723
Game_558,Racing;Simulation;Adventure,2002,0.0,19152,0.757
Game_559,Sports;Action,2014,10.03,35092,0.775
Game_560,RPG;Racing;Adventure,2003,24.78,30535,0.383
Game_561,Strategy;Simulation,2010,0.61,38665,0.538
Game_562,RPG;Sports;Simulation,2018,2.9,46475,0.874
Game_563,Adventure;Indie;Strategy,2002,9.44,4010,0.947
Game_564,Action,2023,0.0,42636,0.899
Game_565,Puzzle,2015,12.54,41188,0.615
Game_566,Racing;Simulation,2022,0.01,43505,0.836
Game_567,Puzzle;Indie,2018,2.23,13728,0.678
Game_568,Adventure,2024,26.82,28949,0.896
Game_569,Strategy,2012,5.62,3540,0.598
Game_570,RPG,2000,21.18,3044,0.552
Game_571,Sports;Adventure;Casual,2001,3.33,29473,0.766
Game_572,Action;Puzzle;RPG,2004,8.56,48545,0.827
Game_573,Strategy,2002,0.0,11339,0.945
Game_574,Adventure;Puzzle,2020,12.47,39513,0.856
Game_575,Indie;Racing,2023,55.81,3992,0.668
Game_576,Casual;Sports,2015,0.89,3231,0.643
Game_577,Strategy;Simulation,2004,0.0,30478,0.845
Game_578,Racing;Sports,2024,0.0,13946,0.802
Game_579,Puzzle;Casual;Sports,2007,3.2,4927,0.761
Game_580,Adventure;Strategy,2022,0.61,45746,0.669
Game_581,Puzzle;Sports,2017,14.19,44361,0.625
Game_582,RPG,2010,17.56,719,0.784
Game_583,Action;Simulation,2019,0.83,48463,0.791
Game_584,Indie;Strategy;Racing,2016,23.91,916,0.872
Game_585,Indie;Simulation,2022,2.59,36909,0.654
Game_586,Adventure;Simulation,2015,0.0,39195,0.739
Game_587,Racing;Simulation;Action,2009,5.27,14383,0.883
Game_588,Sports,2002,9.96,6795,0.984
Game_589,RPG,2024,24.78,28127,0.709
Game_590,Indie,2019,8.58,44295,0.844
Game_591,Adventure,2002,16.67,1569,0.58
Game_592,Strategy;Adventure;Indie,2015,4.16,42555,0.691
Game_593,Puzzle,2020,7.64,31069,0.759
Game_594,Action;Puzzle;Simulation,2017,10.99,49337,0.562
Game_595,Indie;Casual,2006,16.09,13192,0.583
Game_596,Puzzle;Indie;Adventure,2003,0.0,32234,0.825
Game_597,Racing;Indie,2023,3.15,22751,0.492
Game_598,Puzzle,2009,3.14,31729,0.628
Game_599,Indie;Puzzle;Simulation,2021,48.4,8943,0.808
Game_600,Casual;Action,2011,22.23,24890,0.748
Game_601,RPG;Casual,2019,18.11,49327,0.878
Game_602,Casual,2006,3.97,42202,0.489
Game_603,Racing,2015,0.0,10371,0.703
Game_604,RPG,2014,4.85,2946,0.836
Game_605,Casual;Adventure,2005,0.0,20846,0.534
Game_606,Action,2017,6.14,11439,0.774
Game_607,Casual;Action,2011,0.21,12730,0.446
Game_608,Simulation;Indie;Puzzle,2016,7.0,9119,0.474
Game_609,Action;Casual,2000,10.31,27079,0.627
Game_610,RPG;Action;Casual,2003,5.33,4681,0.963
Game_611,Sports;Racing,2017,4.51,45267,0.685
Game_612,Adventure,2024,34.48,1522,0.581
Game_613,Adventure;Strategy,2002,6.02,8169,0.835
Game_614,Strategy;Simulation;Adventure,2000,7.97,28096,0.533
Game_615,Strategy;Racing;Indie,2006,0.1,7040,0.505
Game_616,Puzzle,2001,6.78,25198,0.722
Game_617,Action,2006,6.19,3703,0.52
Game_618,Racing;RPG;Strategy,2017,0.33,43498,0.5
Game_619,Action;Puzzle;Strategy,2019,27.43,29467,0.702
Game_620,Sports,2015,5.67,15180,0.653
Game_621,Sports;Adventure;Strategy,2010,3.79,30103,0.951
Game_622,Strategy;Adventure;Racing,2003,19.16,27041,0.867
Game_623,Simulation,2013,13.95,41069,0.766
Game_624,Puzzle,2024,0.53,36324,0.576
Game_625,Casual;Adventure;Puzzle,2005,0.0,41798,0.57
Game_626,RPG,2013,0.0,43185,0.706
Game_627,Puzzle,2008,3.53,5097,0.945
Game_628,Puzzle;Racing;Simulation,2008,30.99,38459,0.389
Game_629,Sports;Racing,2012,0.9,45526,0.467
Game_630,RPG,2004,4.2,9919,0.796
Game_631,Strategy,2004,12.9,41469,0.295
Game_632,Racing;Sports,2001,1.38,30512,0.565
Game_633,Adventure,2017,0.0,32362,0.66
Game_634,Adventure,2022,0.0,35658,0.416
Game_635,Racing;Indie,2011,0.0,17353,0.574
Game_636,Sports,2015,10.04,44896,0.943
Game_637,Strategy;Indie,2024,2.65,37279,0.729
Game_638,Sports,2018,12.58,21929,0.433
Game_639,Simulation,2006,23.56,31033,0.921
Game_640,Strategy;Sports,2019,12.38,47700,0.873
Game_641,Sports;Adventure,2009,42.63,17652,0.545
Game_642,Simulation;Sports,2023,1.15,44661,0.407
Game_643,Simulation;RPG,2023,5.62,662,0.678
Game_644,Simulation;Casual;Strategy,2001,15.21,39685,0.752
Game_645,Adventure,2022,2.21,29623,0.588
Game_646,Adventure;Puzzle;Racing,2006,0.0,35502,0.75
Game_647,Sports;Adventure;Simulation,2012,0.23,28824,0.638
Game_648,Casual,2018,5.2,23936,0.772
Game_649,Racing;Action;Simulation,2003,14.26,7728,0.689
Game_650,Adventure;Sports,2000,1.52,12144,0.818
Game_651,Simulation;Sports,2010,8.45,45316,0.697
Game_652,Action,2014,25.23,20333,0.628
Game_653,RPG;Puzzle;Simulation,2014,12.97,7963,0.785
Game_654,Adventure;Racing,2023,27.92,6437,0.912
Game_655,Indie;Casual;Strategy,2006,0.45,14354,0.954
Game_656,Indie;Adventure;Simulation,2017,24.15,36585,0.677
Game_657,Racing;Simulation,2004,7.39,18599,0.731
Game_658,Adventure,2011,2.89,21516,0.971
Game_659,RPG;Indie;Sports,2013,1.62,34148,0.757
Game_660,Racing,2010,0.0,30266,0.773
Game_661,Puzzle;Racing;Action,2004,2.29,4082,0.472
Game_662,Puzzle,2004,0.91,19566,0.532
Game_663,RPG;Action;Casual,2021,8.34,35118,0.375
Game_664,RPG,2023,41.25,35465,0.884
Game_665,RPG,2001,4.79,20723,0.489
Game_666,Simulation,2005,6.18,10723,0.441
Game_667,Simulation;Action;Casual,2024,1.71,9147,0.824
Game_668,Casual;Sports;Adventure,2002,7.98,4500,0.645
Game_669,Casual,2013,3.06,5604,0.602
Game_670,Action;Adventure,2007,6.89,48498,0.721
Game_671,Racing;Indie;Sports,2024,3.05,20616,0.674
Game_672,Sports;Strategy;Simulation,2018,13.28,16029,0.566
Game_673,Casual,2018,2.27,22299,0.509
Game_674,Simulation,2001,0.38,25871,0.788
Game_675,RPG;Simulation;Adventure,2003,10.09,6865,0.79
Game_676,Action,2019,1.59,45214,0.906
Game_677,Casual;Puzzle;Action,2005,8.59,24123,0.667
Game_678,Adventure;RPG,2010,3.68,28122,0.736
Game_679,Strategy;Sports,2002,7.22,25121,0.821
Game_680,Strategy;Puzzle,2000,0.17,46876,0.915
Game_681,Sports;RPG,2018,0.46,49050,0.741
Game_682,Indie,2004,0.97,6290,0.797
Game_683,Racing,2004,5.5,35665,0.679
Game_684,Adventure;Simulation,2021,4.89,8159,0.506
Game_685,Sports,2017,1.94,608,0.693
Game_686,Adventure;RPG;Strategy,2005,10.94,27603,0.833
Game_687,Racing;RPG;Action,2021,2.3,23843,0.551
Game_688,Indie,2024,1.76,24607,0.376
Game_689,Sports;Action;Racing,2010,0.0,1079,0.569
Game_690,Indie;RPG,2011,43.21,32181,0.871
Game_691,Indie;Casual;RPG,2016,6.74,25560,0.767
Game_692,RPG;Simulation;Adventure,2003,9.33,2907,0.403
Game_693,Action;Strategy;Sports,2022,5.03,16896,0.826
Game_694,Casual;Puzzle;Sports,2003,11.0,6750,0.895
Game_695,Racing;Indie,2018,4.01,45175,0.413
Game_696,Racing;Puzzle;Simulation,2014,3.89,37111,0.835
Game_697,Adventure;Sports,2003,15.06,24664,0.613
Game_698,Action,2011,9.94,4353,0.416
Game_699,Sports;Action,2007,3.87,42495,0.858
Game_700,Strategy;Adventure;Simulation,2023,8.63,17744,0.895
Game_701,Puzzle,2013,17.33,29193,0.827
Game_702,Sports;Puzzle;Racing,2009,9.86,36005,0.906
Game_703,RPG;Adventure;Sports,2006,12.89,19825,0.793
Game_704,Action,2003,0.0,48610,0.915
Game_705,Simulation;Casual;Strategy,2012,0.33,11485,0.544
Game_706,Simulation;Adventure;Sports,2012,12.96,17168,0.492
Game_707,Adventure;Indie,2023,3.33,9157,0.829
Game_708,Sports;Puzzle;Adventure,2016,5.67,17173,0.375
Game_709,Sports;RPG,2011,12.53,39727,0.602
Game_710,Simulation;Indie,2009,0.0,23574,0.939
Game_711,Simulation;Casual,2006,0.0,44149,0.943
Game_712,Adventure;Racing;Puzzle,2016,0.59,44522,0.665
Game_713,Racing;Puzzle,2003,8.58,16204,0.875
Game_714,Indie;Simulation,2000,6.1,39756,0.625
Game_715,Simulation;Casual,2022,3.71,24730,0.663
Game_716,Indie;Adventure;Casual,2000,9.91,21174,0.51
Game_717,RPG,2005,2.3,14375,0.78
Game_718,Indie;Casual,2013,19.08,3327,0.793
Game_719,Puzzle;Casual;Adventure,2004,0.0,22764,0.924
Game_720,Casual,2016,3.67,33412,0.657
Game_721,Strategy;Puzzle;Racing,2013,3.87,43474,0.749
Game_722,Puzzle,2001,10.02,20597,0.535
Game_723,Puzzle,2011,0.33,6898,0.778
Game_724,Simulation;Puzzle,2020,4.27,23438,0.881
Game_725,Casual;Strategy,2009,9.14,14574,0.799
Game_726,Adventure,2016,0.24,45947,0.582
Game_727,Strategy;Puzzle,2014,4.97,34763,0.55
Game_728,RPG,2011,0.0,45279,0.453
Game_729,RPG;Action;Simulation,2014,5.37,15531,0.507
Game_730,Racing;Adventure;RPG,2012,0.56,22269,0.89
Game_731,Strategy;Puzzle;Action,2001,17.34,4057,0.784
Game_732,Action;Simulation,2010,39.86,6753,0.581
Game_733,RPG;Adventure,2010,2.06,18720,0.875
Game_734,Adventure;Racing,2019,11.36,19847,0.675
Game_735,Sports;Strategy,2018,22.59,33819,0.922
Game_736,Puzzle;Racing,2014,0.0,10768,0.949
Game_737,Action;Strategy;Indie,2009,7.19,49200,0.635
Game_738,Simulation;Strategy;Casual,2015,0.14,39019,0.886
Game_739,Action,2024,43.15,44607,0.792
Game_740,Strategy,2020,10.95,15332,0.488
Game_741,Adventure;Simulation,2005,0.0,28093,0.641
Game_742,Adventure;Racing;Casual,2007,1.66,25881,0.702
Game_743,Action;Indie,2012,13.46,38866,0.721
Game_744,Strategy,2016,1.86,42401,0.538
Game_745,Strategy,2016,2.85,28569,0.681
Game_746,Racing;Puzzle,2019,1.01,48724,0.996
Game_747,Puzzle;Casual;Simulation,2013,0.0,24694,0.848
Game_748,Simulation;RPG;Sports,2020,1.27,13720,0.501
Game_749,Sports,2000,7.2,8531,0.629
Game_750,Simulation;Action,2005,14.2,18864,0.639
Game_751,Simulation;Adventure;Puzzle,2012,23.11,14608,0.716
Game_752,Adventure,2013,8.02,10012,0.704
Game_753,Racing;Sports;RPG,2024,1.71,22605,0.885
Game_754,RPG;Casual,2016,5.21,13073,0.948
Game_755,Simulation;Adventure;Casual,2010,5.28,49280,0.708
Game_756,Simulation,2014,0.0,15236,0.57
Game_757,RPG,2002,27.62,30428,0.924
Game_758,Sports;Casual,2009,4.21,37614,0.825
Game_759,Puzzle;Adventure,2000,16.86,47243,0.971
Game_760,RPG,2003,7.24,34346,0.661
Game_761,Racing;Sports;Simulation,2010,0.0,12934,0.738
Game_762,Casual,2000,10.01,27801,0.472
Game_763,Racing;Adventure,2004,24.6,3448,0.786
Game_764,Sports,2022,6.45,13519,0.759
Game_765,Racing,2020,9.27,48918,0.477
Game_766,Simulation,2014,0.0,247,0.815
Game_767,Action;Simulation;RPG,2023,1.64,16481,0.479
Game_768,Casual;Indie,2000,8.35,2672,0.754
Game_769,Simulation;Strategy;Indie,2023,11.74,26765,0.906
Game_770,Indie;Casual;Racing,2012,12.06,37557,0.915
Game_771,Adventure;RPG,2009,7.17,3557,0.775
Game_772,Adventure;Racing,2019,15.18,6439,0.71
Game_773,Racing;Puzzle,2011,0.0,43019,0.624
Game_774,Action,2015,0.0,13949,0.654
Game_775,Simulation,2007,0.0,34,0.89
Game_776,Puzzle;Casual,2013,10.22,4903,0.967
Game_777,Puzzle,2003,12.4,45300,0.636
Game_778,Sports,2005,8.48,46168,0.761
Game_779,Casual;Puzzle,2013,1.1,8268,0.781
Game_780,Casual;Puzzle,2023,0.0,14012,0.841
Game_781,Strategy;Action;Sports,2004,19.72,9173,0.832
Game_782,Simulation;Indie;Strategy,2014,3.19,24591,0.928
Game_783,Puzzle;RPG;Strategy,2001,7.88,41289,0.929
Game_784,Indie;Racing,2012,0.16,37975,0.673
Game_785,Indie;RPG,2021,14.35,19311,0.853
Game_786,Strategy;Indie;Simulation,2008,5.81,34767,0.672
Game_787,Puzzle;Strategy,2019,15.24,12800,0.717
Game_788,Strategy,2009,11.3,45456,0.92
Game_789,RPG;Sports;Racing,2023,15.22,29822,0.64
Game_790,Casual,2015,6.84,45858,0.497
Game_791,Indie;Casual,2008,8.26,12720,0.516
Game_792,RPG;Action;Strategy,2006,1.56,47509,0.898
Game_793,Simulation;Racing;Adventure,2021,60.0,14327,0.9
Game_794,Racing;Adventure;RPG,2012,23.43,34216,0.423
Game_795,Adventure;Casual,2009,7.65,2277,0.604
Game_796,RPG;Strategy,2014,8.29,11526,0.776
Game_797,Racing,2001,3.39,26970,0.517
Game_798,Casual;Sports,2004,21.43,25223,0.575
Game_799,Adventure;Indie,2011,3.0,6470,0.789
Game_800,Strategy,2007,5.22,499,0.773
Game_801,Simulation,2013,0.0,41856,0.665
Game_802,Action;Sports;Puzzle,2008,9.79,12223,0.628
Game_803,Sports;Racing,2010,0.08,37551,0.781
Game_804,Simulation;Indie,2019,13.57,8660,0.8
Game_805,Sports;Adventure;Simulation,2019,0.0,14272,0.8
Game_806,Indie;Action;Simulation,2007,14.05,835,0.928
Game_807,Adventure;Simulation;Casual,2008,12.89,26688,0.777
Game_808,Casual;Action;RPG,2015,15.78,25847,0.697
Game_809,Strategy,2023,9.19,28868,0.722
Game_810,Casual;Strategy;Racing,2013,3.78,37428,0.471
Game_811,Puzzle;Action;Adventure,2001,16.49,33322,0.833
Game_812,Action;RPG,2014,37.67,10120,0.99
Game_813,Indie,2018,0.0,20946,0.764
Game_814,Casual;Racing,2023,10.21,3813,0.54
Game_815,Puzzle;Racing,2023,1.67,32626,0.87
Game_816,Sports,2017,10.14,19818,0.702
Game_817,Adventure,2013,8.53,8469,0.549
Game_818,RPG;Indie;Puzzle,2004,1.68,43894,0.962
Game_819,Adventure;Action,2021,10.56,23550,0.976
Game_820,Indie,2011,0.94,2627,0.412
Game_821,Sports;Strategy;Adventure,2017,1.01,4700,0.862
Game_822,Adventure;Strategy;Action,2018,14.31,14577,0.875
Game_823,Racing,2000,1.3,47053,0.877
Game_824,Puzzle,2009,0.0,4915,0.535
Game_825,Indie;Casual;RPG,2016,5.27,20070,0.82
Game_826,Sports,2011,20.03,19876,0.861
Game_827,Action;Simulation;Indie,2016,0.0,30872,0.605
Game_828,Puzzle;Sports,2014,7.54,29951,0.431
Game_829,Casual;Adventure;Simulation,2000,0.14,24490,0.759
Game_830,Adventure,2007,0.95,40338,0.852
Game_831,Racing;Puzzle;Action,2010,4.34,1340,0.598
Game_832,Sports,2009,9.05,19666,0.494
Game_833,Strategy;Action,2000,0.0,3135,0.585
Game_834,Sports;Simulation;RPG,2000,8.89,15049,0.905
Game_835,Action,2007,8.76,13227,0.565
Game_836,Simulation;Adventure;Puzzle,2021,0.82,44186,0.528
Game_837,Indie;Adventure;Simulation,2024,12.9,33746,0.589
Game_838,Casual;Action;Simulation,2020,17.87,11989,0.763
Game_839,Racing;Simulation,2023,0.0,32071,0.915
Game_840,Casual,2023,0.0,41618,0.905
Game_841,Strategy;Puzzle;Casual,2017,6.31,9397,0.626
Game_842,Casual,2003,0.0,28226,0.509
Game_843,Adventure;Strategy;Action,2009,3.01,24430,0.208
Game_844,RPG,2018,0.53,45709,0.65
Game_845,Indie;Action;Puzzle,2009,0.0,18353,0.777
Game_846,Action,2006,4.62,33928,0.82
Game_847,Simulation;RPG,2000,0.0,28427,0.577
Game_848,Racing;Sports;Strategy,2008,0.27,16148,0.56
Game_849,RPG;Action,2008,18.78,16734,0.866
Game_850,Indie,2020,1.29,43095,0.749
Game_851,RPG;Simulation;Action,2019,1.66,44809,0.823
Game_852,Simulation;RPG,2002,8.57,13014,0.775
Game_853,Adventure;Simulation,2012,6.37,23620,0.802
Game_854,Sports;Puzzle;Strategy,2022,4.36,7135,0.462
Game_855,Sports;Simulation,2011,0.53,21328,0.845
Game_856,Casual;Strategy,2023,4.93,43379,0.564
Game_857,Strategy;Simulation;RPG,2002,13.14,35166,0.948
Game_858,Adventure,2008,0.0,24289,0.736
Game_859,Sports,2022,0.18,39034,0.711
Game_860,Adventure;Sports,2017,0.0,27638,0.78
Game_861,Puzzle;Casual;RPG,2007,3.83,21877,0.862
Game_862,Simulation;Adventure;Racing,2022,31.96,849,0.79
Game_863,Simulation,2009,0.0,5448,0.648
Game_864,RPG,2019,8.35,26934,0.794
Game_865,RPG;Strategy;Sports,2008,22.69,4254,0.456
Game_866,Casual,2008,1.56,578,0.731
Game_867,Strategy;Simulation,2008,0.0,16343,0.776
Game_868,Strategy;Action,2009,14.44,27801,0.719
Game_869,Simulation,2014,23.02,36629,0.841
Game_870,Puzzle;Sports;RPG,2020,0.0,48285,0.648
Game_871,Action;Adventure;Sports,2015,9.85,32681,0.523
Game_872,Simulation,2000,13.32,48758,0.664
Game_873,Racing;Casual;Action,2014,10.18,14386,0.534
Game_874,Casual;Strategy,2010,1.54,32883,0.699
Game_875,Action,2001,6.1,219,0.62
Game_876,Casual,2008,16.51,6794,0.612
Game_877,Adventure,2024,9.13,32133,0.539
Game_878,Indie;Simulation,2008,4.03,15791,0.417
Game_879,Simulation;Sports,2017,0.0,28220,0.594
Game_880,Puzzle,2004,0.0,47140,0.279
Game_881,Action;Casual,2022,2.35,38624,0.574
Game_882,Strategy,2020,0.0,17591,0.573
Game_883,Simulation,2003,0.0,34308,0.602
Game_884,Simulation,2017,11.61,46177,0.723
Game_885,Strategy;Adventure,2023,6.17,12345,0.916
Game_886,Puzzle;Casual;Simulation,2022,4.12,27747,0.764
Game_887,Sports;Simulation,2018,0.0,36644,0.863
Game_888,RPG;Indie,2018,11.35,32955,0.791
Game_889,Adventure;Action;Casual,2012,15.76,24319,0.743
Game_890,Strategy;Racing,2003,12.58,21650,0.982
Game_891,Sports;Racing;Adventure,2000,0.0,28738,0.704
Game_892,RPG;Puzzle,2007,5.22,24824,0.814
Game_893,Strategy,2006,8.84,17849,0.323
Game_894,Indie;RPG,2022,11.08,43722,0.78
Game_895,Strategy;Indie;Adventure,2020,9.33,39529,0.557
Game_896,Casual;Adventure,2008,5.23,32058,0.494
Game_897,Strategy;Casual,2009,1.52,9804,0.85
Game_898,Strategy,2018,7.34,25710,0.54
Game_899,Adventure;Simulation,2016,6.12,10226,0.545
Game_900,Simulation;Adventure;RPG,2022,13.05,8134,0.906
Game_901,RPG,2018,24.52,11871,0.812
Game_902,Casual;Puzzle,2017,12.7,7875,0.78
Game_903,Simulation;Racing;Indie,2019,1.84,39477,0.972
Game_904,Adventure;Indie;Casual,2022,0.0,25702,0.839
Game_905,Indie;Strategy;Action,2009,14.16,36405,0.708
Game_906,Simulation,2006,4.57,48824,0.667
Game_907,Racing,2022,0.0,13479,0.566
Game_908,Puzzle;Simulation,2004,11.08,9754,0.796
Game_909,Strategy,2007,0.0,7194,0.673
Game_910,Racing,2003,0.39,929,0.9
Game_911,Casual;Adventure,2020,37.23,1409,0.686
Game_912,Adventure,2022,11.65,29759,0.581
Game_913,RPG;Sports;Strategy,2010,7.49,34191,0.789
Game_914,Racing;Sports;Puzzle,2002,0.64,14622,0.34
Game_915,Puzzle;Adventure;Casual,2005,23.15,26943,0.43
Game_916,Simulation;Adventure;Strategy,2014,6.7,10340,0.854
Game_917,Strategy,2008,6.15,35115,0.849
Game_918,Racing;Simulation;Casual,2018,3.52,35546,0.712
Game_919,Racing;Casual;Puzzle,2019,19.35,35412,0.547
Game_920,Sports,2010,0.0,25597,0.384
Game_921,Racing;Action,2015,0.74,42238,0.907
Game_922,Adventure;Racing;Casual,2001,1.65,4174,0.758
Game_923,RPG;Casual,2003,8.51,20798,0.485
Game_924,Casual;Simulation;Indie,2008,3.8,3165,0.702
Game_925,Simulation,2003,10.19,41363,0.961
Game_926,Racing;RPG,2000,16.07,3681,0.899
Game_927,Adventure,2017,12.18,21788,0.731
Game_928,RPG;Indie;Puzzle,2000,18.21,9298,0.287
Game_929,Casual;RPG,2005,10.75,35391,0.799
Game_930,Puzzle,2018,16.09,20117,0.678
Game_931,Racing;Adventure;Casual,2005,32.48,27557,0.718
Game_932,Puzzle;Casual,2005,7.4,48111,0.711
Game_933,Casual;Simulation;Action,2018,32.37,46071,0.606
Game_934,Action;Adventure;Puzzle,2000,12.26,21427,0.782
Game_935,Puzzle;RPG;Indie,2008,0.75,18506,0.618
Game_936,Puzzle,2013,2.58,14957,0.821
Game_937,Sports;Action,2001,13.53,34491,0.753
Game_938,Strategy,2016,21.83,49737,0.765
Game_939,Racing;RPG,2010,5.34,29904,0.971
Game_940,RPG;Strategy,2007,22.53,28256,0.748
Game_941,Indie;Sports,2014,0.0,49934,0.839
Game_942,RPG,2000,21.98,9506,0.607
Game_943,Strategy;Adventure,2015,10.74,3863,0.664
Game_944,Action;Casual,2011,1.17,4743,0.626
Game_945,Strategy,2001,4.57,29905,0.809
Game_946,Sports,2019,2.61,44816,0.799
Game_947,Strategy;Puzzle;Indie,2011,0.0,11622,0.902
Game_948,Simulation;Casual,2001,0.0,36203,0.404
Game_949,Simulation,2008,1.31,44209,0.794
Game_950,Simulation,2018,16.88,45824,0.532
Game_951,Simulation;Sports;Casual,2011,19.7,39724,0.354
Game_952,Simulation,2009,6.03,18365,0.758
Game_953,Racing;Puzzle;Adventure,2001,2.11,33091,0.875
Game_954,Simulation,2001,0.81,27743,0.888
Game_955,Indie,2007,2.81,24017,0.982
Game_956,Strategy;Adventure;RPG,2006,0.0,35404,0.836
Game_957,Strategy,2016,3.88,34064,0.622
Game_958,Indie;Casual;Adventure,2011,0.0,40422,0.691
Game_959,Action;RPG;Sports,2003,8.55,27716,0.592
Game_960,Puzzle;Sports;Indie,2016,18.4,32927,0.608
Game_961,Casual;Simulation,2023,18.65,14364,0.671
Game_962,Puzzle;Simulation;Indie,2021,14.51,23665,0.596
Game_963,Casual;Strategy,2024,8.0,40971,0.801
Game_964,Racing,2012,1.59,38580,0.604
Game_965,Strategy,2009,1.5,25628,0.455
Game_966,Strategy,2001,5.56,28345,0.943
Game_967,RPG;Strategy;Action,2017,10.81,12855,0.662
Game_968,Adventure;Sports,2011,3.26,19143,0.941
Game_969,Racing;Strategy,2015,15.2,33217,0.836
Game_970,Indie;Puzzle;Simulation,2007,12.1,5778,0.7
Game_971,Action;Puzzle,2004,6.83,932,0.833
Game_972,RPG;Strategy;Racing,2017,1.72,29994,0.715
Game_973,RPG;Racing;Action,2009,2.9,36004,0.5
Game_974,Adventure,2013,1.43,49036,0.577
Game_975,Sports;Casual;RPG,2024,13.23,23516,0.699
Game_976,Simulation,2007,39.16,6163,0.737
Game_977,Sports;Simulation;Action,2003,0.0,31715,0.665
Game_978,Sports;Action,2017,0.24,15398,0.759
Game_979,Puzzle;Racing;Indie,2014,15.76,7860,0.377
Game_980,Simulation,2009,0.0,31056,0.644
Game_981,Racing;RPG;Adventure,2014,5.77,35912,0.885
Game_982,Sports;Racing,2023,0.74,2749,0.658
Game_983,Strategy;Racing;RPG,2004,0.0,36163,0.815
Game_984,Puzzle;Adventure;Casual,2019,3.87,28713,0.902
Game_985,Adventure;Sports;Simulation,2013,5.45,37079,0.954
Game_986,Simulation,2020,18.6,31499,0.62
Game_987,Racing,2022,9.0,23359,0.907
Game_988,Simulation,2003,0.34,16706,0.81
Game_989,Casual;Indie;Sports,2002,0.13,32025,0.706
Game_990,Racing;Action,2000,0.38,9977,0.564
Game_991,Action;Puzzle;Casual,2004,8.5,27462,0.63
Game_992,Simulation;Strategy,2008,2.29,37646,0.893
Game_993,Racing;Strategy,2006,13.97,11653,0.764
Game_994,Casual,2020,11.06,4270,0.543
Game_995,Puzzle;Racing,2018,34.52,1151,0.726
Game_996,Casual;Simulation;Racing,2008,9.6,27744,0.769
Game_997,Casual;Sports,2014,20.22,20678,0.753
Game_998,Puzzle;RPG;Simulation,2007,0.0,32709,0.69
Game_999,Racing;Puzzle,2012,8.81,40745,0.928
Game_1000,Racing;Strategy,2007,19.51,48947,0.793
Game_1001,Puzzle,2019,19.73,16111,0.74
Game_1002,RPG,2005,2.11,5620,0.881
Game_1003,Strategy;Action,2024,0.0,37450,0.387
Game_1004,Simulation;Puzzle,2023,0.0,956,0.575
Game_1005,Adventure;Sports,2004,0.0,31983,0.784
Game_1006,Puzzle;RPG,2014,1.9,13756,0.842
Game_1007,Action;Strategy,2020,1.13,17663,0.498
Game_1008,RPG;Indie;Action,2021,8.5,6192,0.63
Game_1009,Puzzle;Strategy;Casual,2009,22.31,28,0.504
Game_1010,Racing,2013,0.0,9698,0.944
Game_1011,Puzzle,2003,6.99,21550,0.483
Game_1012,Sports;Casual;Indie,2006,22.29,14694,0.783
Game_1013,Action;Adventure;Indie,2006,4.13,19642,0.875
Game_1014,Action;Strategy,2007,5.22,5589,0.855
Game_1015,Simulation;Sports,2009,10.55,6937,0.936
Game_1016,Casual;Sports;Indie,2017,0.0,37377,0.737
Game_1017,Sports;Racing;Strategy,2022,4.2,40936,0.915
Game_1018,Action;Casual,2014,2.41,36999,0.84
Game_1019,Racing,2011,22.3,47774,0.831
Game_1020,Indie;Racing;Simulation,2017,0.0,36572,0.818
Game_1021,Strategy,2015,24.93,6062,0.825
Game_1022,Racing,2011,13.95,36854,0.725
Game_1023,Sports;Simulation,2000,31.66,11547,0.865
Game_1024,Casual,2013,12.23,38861,0.681
Game_1025,Strategy;Racing,2001,14.23,31624,0.437
Game_1026,Simulation;Racing,2015,10.87,42344,0.924
Game_1027,Simulation;RPG;Strategy,2023,4.81,47543,0.766
Game_1028,Indie,2019,3.98,34429,0.63
Game_1029,Indie;RPG,2020,11.61,46699,0.657
Game_1030,Racing;RPG;Indie,2011,0.0,27015,0.642
Game_1031,RPG;Puzzle,2012,0.27,46567,0.806
Game_1032,Indie,2013,0.55,4451,0.84
Game_1033,Strategy;Simulation;Puzzle,2005,1.72,22007,0.943
Game_1034,Simulation,2024,0.35,38138,0.657
Game_1035,Racing,2001,0.0,49295,0.889
Game_1036,RPG;Puzzle,2024,13.5,43456,0.395
Game_1037,Adventure,2024,23.91,18233,0.814
Game_1038,Puzzle;Racing,2023,0.72,31396,0.754
Game_1039,Sports;Puzzle;Simulation,2000,6.61,4334,0.609
Game_1040,Casual;RPG,2023,0.0,5795,0.998
Game_1041,Action;RPG,2005,2.37,35221,0.339
Game_1042,Adventure;Simulation,2006,24.55,15649,0.573
Game_1043,Strategy;RPG,2017,3.07,27809,0.757
Game_1044,Strategy;Indie;Racing,2009,0.99,10315,0.853
Game_1045,Racing;RPG,2023,2.9,39972,0.4
Game_1046,Racing,2012,12.08,4300,0.717
Game_1047,RPG,2002,17.77,31055,0.832
Game_1048,Casual;Adventure,2005,0.0,33857,0.796
Game_1049,Puzzle;Indie,2019,0.0,41032,0.653
Game_1050,Indie;Action;Puzzle,2014,8.54,12771,0.849
Game_1051,Indie,2008,5.02,17194,0.96
Game_1052,Action;Adventure;Sports,2005,5.96,27797,0.869
Game_1053,Simulation,2016,13.67,14396,0.643
Game_1054,Strategy;Adventure,2006,1.63,36824,0.984
Game_1055,Casual,2002,1.13,37862,0.534
Game_1056,Action,2013,0.0,37783,0.862
Game_1057,Racing,2021,3.81,24885,0.519
Game_1058,Casual;Sports,2007,5.3,31390,0.462
Game_1059,Strategy;Puzzle;Indie,2017,0.28,8969,0.699
Game_1060,RPG;Simulation,2011,4.96,9881,0.578
Game_1061,RPG;Action;Adventure,2023,11.57,18750,0.687
Game_1062,Puzzle;Indie;Action,2015,26.95,10341,0.823
Game_1063,Casual,2012,1.04,40032,0.695
Game_1064,Sports;Casual;Action,2005,6.18,12882,0.855
Game_1065,Sports;Strategy,2022,5.34,46196,0.826
Game_1066,Casual;RPG,2001,12.45,20546,0.402
Game_1067,Action;Puzzle,2013,1.18,38016,0.538
Game_1068,RPG;Adventure;Simulation,2006,3.38,3808,0.74
Game_1069,RPG,2012,15.62,35906,0.865
Game_1070,Strategy,2024,5.94,22788,0.806
Game_1071,Racing,2002,2.46,40582,0.621
Game_1072,Racing;Strategy;Casual,2001,4.22,9047,0.731
Game_1073,Racing;Strategy,2020,14.2,10026,0.555
Game_1074,RPG;Indie,2017,10.87,43133,0.931
Game_1075,Adventure,2010,12.83,28979,0.578
Game_1076,Simulation,2005,13.37,28110,0.755
Game_1077,Casual;Strategy;RPG,2015,39.88,29709,0.63
Game_1078,Casual;Action;Simulation,2006,4.98,17889,0.549
Game_1079,RPG;Indie;Casual,2016,0.0,47296,0.704
Game_1080,Puzzle;Sports;Racing,2010,7.22,27717,0.67
Game_1081,Racing;Simulation;Adventure,2019,2.76,765,0.621
Game_1082,Sports;Adventure;Casual,2016,11.99,14321,0.479
Game_1083,Casual;Strategy;Simulation,2014,5.81,48526,0.493
Game_1084,Indie;Action,2002,10.82,24308,0.784
Game_1085,RPG,2015,7.48,36303,0.729
Game_1086,Sports,2017,6.03,931,0.568
Game_1087,Indie;Strategy,2013,9.98,1121,0.759
Game_1088,RPG,2014,0.0,10226,0.741
Game_1089,Simulation,2015,6.13,25940,0.539
Game_1090,RPG;Action;Puzzle,2005,0.0,30473,0.613
Game_1091,Simulation;Indie,2011,3.34,3489,0.497
Game_1092,Action;Adventure,2003,7.9,45836,0.748
Game_1093,Strategy;RPG,2019,0.0,30169,0.43
Game_1094,Casual,2003,12.42,17573,0.878
Game_1095,Sports,2020,0.0,22580,0.614
Game_1096,Racing;RPG;Adventure,2015,7.38,25291,0.664
Game_1097,RPG;Simulation;Indie,2012,6.74,38621,0.654
Game_1098,Indie;Casual;Strategy,2012,37.76,4641,0.787
Game_1099,Casual,2003,0.59,28971,0.603
Game_1100,Strategy,2016,7.39,26145,0.817
Game_1101,Puzzle,2009,2.35,39319,0.498
Game_1102,Simulation;Sports;Strategy,2019,0.73,18001,0.754
Game_1103,Racing;Indie;Puzzle,2020,3.24,18439,0.667
Game_1104,Puzzle;Adventure;Strategy,2022,0.91,40367,0.659
Game_1105,Racing,2022,1.9,42844,0.703
Game_1106,Simulation;Adventure,2019,26.0,41176,0.482
Game_1107,Puzzle,2006,52.57,43315,0.55
Game_1108,Adventure;Action,2006,13.15,5121,0.716
Game_1109,Racing,2023,3.22,32771,0.743
Game_1110,Racing;Indie,2024,3.51,34400,0.881
Game_1111,Puzzle;Racing,2006,0.0,13185,0.805
Game_1112,Casual,2016,20.45,22672,0.693
Game_1113,Casual;Simulation;Strategy,2022,16.37,49571,0.78
Game_1114,Adventure,2021,20.35,6963,0.949
Game_1115,Indie;Strategy;Adventure,2023,4.81,40886,0.774
Game_1116,Racing,2008,12.82,15897,0.553
Game_1117,Strategy;Action;Puzzle,2012,6.42,42582,0.975
Game_1118,Casual;Racing,2014,0.0,26731,0.535
Game_1119,Sports;Strategy,2023,0.32,577,0.359
Game_1120,Puzzle,2024,19.66,5454,0.858
Game_1121,Action;Racing;Strategy,2013,2.54,41307,0.741
Game_1122,RPG;Action;Sports,2021,2.79,39578,0.83
Game_1123,RPG;Action;Indie,2009,1.04,10888,0.636
Game_1124,Puzzle;Adventure;Action,2015,7.57,32073,0.573
Game_1125,Sports;Simulation;Adventure,2020,9.47,25412,0.679
Game_1126,Racing;Action;Adventure,2022,0.0,2691,0.754
Game_1127,Strategy,2002,6.6,35214,0.675
Game_1128,Action;RPG;Sports,2001,17.86,7971,0.62
Game_1129,Casual;Puzzle,2005,6.19,20514,0.97
Game_1130,Sports,2002,2.65,402,0.423
Game_1131,Simulation,2005,2.54,12181,0.79
Game_1132,Sports,2023,9.97,46805,0.723
Game_1133,Strategy;Sports,2015,16.36,25009,0.564
Game_1134,Sports;Adventure;Casual,2002,0.0,36178,0.702
Game_1135,Simulation;Adventure;Casual,2017,0.0,14988,0.544
Game_1136,Racing;Sports;Casual,2023,60.0,2165,0.827
Game_1137,Indie;Action;Racing,2020,10.35,30766,0.71
Game_1138,RPG,2021,0.0,12017,0.628
Game_1139,Strategy;Racing;Sports,2022,0.0,5485,0.728
Game_1140,Racing;Sports,2018,0.0,24718,0.913
Game_1141,Indie,2021,0.0,20415,0.503
Game_1142,Indie;Strategy,2019,6.8,5802,0.799
Game_1143,Simulation;Casual,2017,28.8,29580,0.777
Game_1144,RPG;Indie,2004,0.1,22293,0.739
Game_1145,Adventure;Action;Sports,2022,22.66,49526,0.808
Game_1146,Puzzle,2002,6.02,4449,0.779
Game_1147,Action,2006,5.19,24772,0.597
Game_1148,Indie;Puzzle;Adventure,2018,2.73,39669,0.568
Game_1149,Adventure,2018,24.67,21294,0.921
Game_1150,Puzzle;Action;Strategy,2022,2.54,10439,0.602
Game_1151,Puzzle;Action,2001,33.74,49460,0.616
Game_1152,Indie;Action;Sports,2019,3.05,16261,0.862
Game_1153,Strategy;Indie;Racing,2003,11.53,46269,0.969
Game_1154,Action,2015,6.77,42041,0.431
Game_1155,Casual;Racing,2005,8.08,33648,0.489
Game_1156,RPG,2014,1.46,38664,0.777
Game_1157,Indie,2002,7.23,27238,0.831
Game_1158,Puzzle;Simulation,2000,18.17,33443,0.914
Game_1159,Puzzle;Simulation,2024,1.28,13544,0.771
Game_1160,Indie;RPG;Casual,2012,7.03,2795,0.768
Game_1161,Racing;Indie;Sports,2011,7.71,31192,0.458
Game_1162,RPG;Puzzle,2009,20.47,40159,0.599
Game_1163,Action;Racing,2022,6.01,41698,0.893
Game_1164,Puzzle;Casual,2019,0.0,38105,0.706
Game_1165,Sports,2011,0.56,49079,0.692
Game_1166,Racing;Strategy,2003,12.19,29728,0.883
Game_1167,Action,2017,4.86,8548,0.874
Game_1168,Simulation;Sports,2005,11.58,10264,0.645
Game_1169,Racing;Simulation,2008,5.75,13702,0.676
Game_1170,Sports;Puzzle;Casual,2016,12.62,48776,0.789
Game_1171,RPG;Sports,2023,5.07,44221,0.877
Game_1172,Casual,2005,1.94,36281,0.7
Game_1173,Racing,2000,9.55,43048,0.834
Game_1174,Strategy,2010,3.17,17095,0.666
Game_1175,Indie;Puzzle;RPG,2017,1.1,35832,0.821
Game_1176,Casual;Strategy;Action,2016,4.36,8336,0.684
Game_1177,Racing;Sports;Puzzle,2023,3.03,5186,0.585
Game_1178,Racing;Puzzle;Casual,2005,4.45,32102,0.845
Game_1179,Sports,2019,2.99,35312,0.621
Game_1180,Indie,2019,2.05,29758,0.892
Game_1181,RPG;Indie,2020,7.94,23452,0.39
Game_1182,Simulation;Adventure,2022,4.09,30302,0.742
Game_1183,Strategy;Simulation,2007,7.89,18562,0.777
Game_1184,Adventure;Racing,2007,4.92,14693,0.711
Game_1185,Indie;Action,2011,10.87,12534,0.759
Game_1186,RPG,2008,4.54,18214,0.811
Game_1187,Sports;Action,2003,4.16,15899,0.614
Game_1188,Adventure;Indie,2008,24.98,7926,0.802
Game_1189,Puzzle;Racing,2009,30.63,26789,0.833
Game_1190,Indie;Strategy;Puzzle,2018,0.52,20563,0.884
Game_1191,Simulation;RPG,2000,2.77,8097,0.808
Game_1192,Action;Indie;Racing,2018,0.0,45335,0.707
Game_1193,Adventure,2019,45.66,25465,0.804
Game_1194,Strategy;Indie,2003,16.92,7129,0.911
Game_1195,Puzzle;Indie;Sports,2023,9.47,2410,0.632
Game_1196,Indie,2018,0.0,4273,0.796
Game_1197,Racing;Simulation,2017,11.89,20531,0.645
Game_1198,RPG;Sports;Strategy,2019,15.42,12113,0.649
Game_1199,Racing,2020,11.57,48001,0.753
Game_1200,Simulation;RPG;Racing,2010,20.09,23489,0.602
Game_1201,Simulation;Racing,2012,12.55,36948,0.982
Game_1202,Strategy;Puzzle,2015,26.19,12222,0.801
Game_1203,Adventure,2004,35.65,3430,0.733
Game_1204,Strategy,2001,0.81,16743,0.711
Game_1205,Simulation;Indie,2018,0.0,34391,0.879
Game_1206,Simulation,2006,12.98,38204,0.662
Game_1207,Simulation,2007,0.09,9805,0.709
Game_1208,Sports;Action,2002,4.01,14823,0.695
Game_1209,Puzzle;Indie,2011,3.1,23708,0.43
Game_1210,Casual;Action;RPG,2014,0.76,17344,0.745
Game_1211,Racing;Sports,2022,17.3,14708,0.763
Game_1212,RPG;Casual,2012,4.98,49183,0.78
Game_1213,Indie;Simulation,2009,1.7,46708,0.752
Game_1214,Indie;Sports;Puzzle,2019,19.43,17811,0.364
Game_1215,Strategy;Racing,2007,1.6,2722,0.491
Game_1216,Simulation;RPG;Strategy,2000,10.81,17946,0.795
Game_1217,Strategy;Puzzle;Casual,2000,1.37,44047,0.696
Game_1218,Simulation,2021,0.0,44969,0.833
Game_1219,Casual;Puzzle;Strategy,2017,3.53,35068,0.85
Game_1220,Casual;Racing,2004,20.02,33785,0.786
Game_1221,Action;Racing,2005,12.13,18139,0.391
Game_1222,Action,2020,6.15,22042,0.94
Game_1223,Adventure;Action,2015,32.67,43982,0.7
Game_1224,Action;Sports,2012,17.0,10800,0.968
Game_1225,Casual;Indie;Adventure,2009,4.41,20315,0.445
Game_1226,Casual,2009,0.62,43861,0.676
Game_1227,Action;Indie,2019,0.28,34918,0.811
Game_1228,Racing;Strategy;Simulation,2004,19.87,5467,0.691
Game_1229,Action;Strategy,2022,24.38,39393,0.838
Game_1230,Strategy,2005,6.74,3395,0.928
Game_1231,Action;Puzzle;Sports,2005,9.56,14319,0.874
Game_1232,Action;Puzzle,2009,0.38,45991,0.404
Game_1233,Racing,2019,11.69,3612,0.455
Game_1234,RPG;Racing;Puzzle,2000,11.25,9378,0.556
Game_1235,Action,2003,7.92,43406,0.865
Game_1236,Racing;Sports;Casual,2009,18.36,33487,0.839
Game_1237,Adventure;Puzzle;Casual,2003,0.0,11564,0.539
Game_1238,Indie;Puzzle;RPG,2009,17.1,17203,0.526
Game_1239,Simulation;RPG,2010,14.59,46590,0.824
Game_1240,Sports;Adventure;Simulation,2015,0.0,30269,0.557
Game_1241,Sports;Strategy,2008,21.13,15751,0.735
Game_1242,Puzzle;Indie;Racing,2013,1.29,7218,0.856
Game_1243,RPG,2024,0.45,20744,0.935
Game_1244,Adventure;Action;Puzzle,2011,5.72,15854,0.439
Game_1245,Sports;Puzzle;Racing,2020,21.71,21515,0.499
Game_1246,Racing,2006,0.0,2433,0.785
Game_1247,Strategy;Action;Racing,2022,0.0,23394,0.257
Game_1248,Casual;Adventure,2014,6.76,12328,0.746
Game_1249,Strategy;Sports,2003,0.6,48138,0.826
Game_1250,Simulation;Adventure,2022,0.0,13839,0.961
Game_1251,Racing,2017,0.0,12254,0.641
Game_1252,Action,2008,8.91,15107,0.885
Game_1253,Indie;Puzzle,2015,0.38,30413,0.806
Game_1254,Puzzle;Strategy;RPG,2023,29.2,36562,0.59
Game_1255,Action,2002,5.34,14706,0.691
Game_1256,Adventure;RPG,2000,4.25,34702,0.939
Game_1257,Racing;Action,2019,1.55,6546,0.739
Game_1258,Casual;Simulation;Action,2007,4.53,9579,0.755
Game_1259,Indie;Casual;Sports,2021,19.3,14438,0.808
Game_1260,Adventure;RPG,2019,0.0,34968,0.58
Game_1261,Casual;Indie;Sports,2022,8.88,27620,0.76
Game_1262,Racing,2018,2.94,23067,0.729
Game_1263,Simulation;Sports;Casual,2023,13.69,30349,0.637
Game_1264,Adventure;Racing;Simulation,2015,2.37,9810,0.488
Game_1265,Action;Adventure,2002,6.82,13186,0.605
Game_1266,Sports;Indie;Adventure,2005,0.0,35298,0.642
Game_1267,Simulation,2022,12.1,49365,0.782
Game_1268,Puzzle;Sports,2007,4.45,6,0.791
Game_1269,Simulation;Action;RPG,2023,8.6,18137,0.747
Game_1270,Strategy,2021,34.68,44171,0.821
Game_1271,Strategy;Indie;Simulation,2017,17.32,41601,0.743
Game_1272,Racing;Sports;Puzzle,2003,0.0,13085,0.683
Game_1273,Casual;Sports,2004,6.95,1751,0.594
Game_1274,Adventure;RPG;Indie,2018,6.95,28386,0.846
Game_1275,Adventure,2010,0.0,34760,0.798
Game_1276,Adventure;RPG,2010,3.84,12721,0.817
Game_1277,Casual;Sports;Puzzle,2002,2.59,15173,0.598
Game_1278,Sports;Simulation,2011,4.98,33698,0.872
Game_1279,Simulation,2000,5.72,26844,0.753
Game_1280,Adventure;Puzzle;Action,2003,2.81,14117,0.842
Game_1281,RPG;Strategy;Simulation,2023,10.65,41830,0.446
Game_1282,RPG;Adventure,2018,2.04,45171,0.677
Game_1283,Casual;Adventure;Puzzle,2024,11.88,36242,0.722
Game_1284,Sports,2022,5.29,47301,0.895
Game_1285,Strategy,2022,2.96,17981,0.808
Game_1286,Racing;Puzzle;Sports,2010,5.29,5542,0.739
Game_1287,Adventure,2006,8.46,36623,0.574
Game_1288,Action;Adventure;Simulation,2017,1.47,28010,0.432
Game_1289,Racing,2015,2.4,20699,0.957
Game_1290,Adventure;Simulation,2010,7.68,13027,0.535
Game_1291,Sports;Action;RPG,2012,4.09,3174,0.776
Game_1292,Sports,2005,8.66,8579,0.827
Game_1293,Sports,2012,16.63,33279,0.782
Game_1294,Adventure;Racing;Indie,2024,0.58,11404,0.306
Game_1295,Puzzle;Racing,2010,7.73,46840,0.847
Game_1296,Casual;Sports;Puzzle,2012,19.69,23668,0.518
Game_1297,Casual;RPG,2023,3.16,4182,0.931
Game_1298,RPG;Puzzle;Strategy,2021,11.35,32710,0.639
Game_1299,Casual;Adventure,2019,0.0,34381,0.875
Game_1300,Casual,2000,2.09,8977,0.871
Game_1301,Sports;RPG;Puzzle,2021,10.6,41986,0.63
Game_1302,RPG;Strategy;Adventure,2001,19.05,36888,0.611
Game_1303,Simulation,2000,2.69,29831,0.934
Game_1304,RPG;Indie;Strategy,2008,0.3,6052,0.833
Game_1305,Puzzle,2010,0.0,24270,0.766
Game_1306,Puzzle;Indie;Strategy,2003,18.36,48538,0.553
Game_1307,Adventure;Casual,2014,4.32,11860,0.823
Game_1308,RPG;Action,2023,6.19,46795,0.886
Game_1309,Sports;Simulation;Puzzle,2016,4.81,9692,0.787
Game_1310,Simulation;Strategy,2024,22.07,30314,0.867
Game_1311,Simulation;Sports,2022,12.14,19814,0.81
Game_1312,Puzzle;Casual,2020,2.65,3404,0.941
Game_1313,RPG,2004,12.86,32064,0.668
Game_1314,Simulation,2015,0.0,23660,0.571
Game_1315,Puzzle;Indie,2002,9.19,15733,0.732
Game_1316,Strategy;Simulation;Casual,2019,3.19,11627,0.804
Game_1317,Sports,2022,4.45,24420,0.746
Game_1318,Simulation;RPG;Strategy,2002,2.29,5293,0.478
Game_1319,Puzzle;Indie;Simulation,2012,5.82,29999,0.628
Game_1320,Sports;RPG,2003,2.2,4649,0.828
Game_1321,Sports,2013,0.0,10498,0.909
Game_1322,Simulation;Adventure;Indie,2011,21.6,25463,0.719
Game_1323,Puzzle;Racing;Casual,2022,15.81,37069,0.913
Game_1324,Racing,2006,6.2,19875,0.831
Game_1325,Action;Strategy,2018,1.58,31432,0.857
Game_1326,Indie;Strategy,2016,0.0,46588,0.698
Game_1327,RPG;Adventure,2018,14.28,29591,0.69
Game_1328,Sports,2024,4.96,37505,0.719
Game_1329,Strategy,2004,15.67,23905,0.825
Game_1330,Casual;RPG;Indie,2000,4.15,12995,0.525
Game_1331,RPG,2015,6.93,18240,0.647
Game_1332,Casual;Sports;Racing,2003,0.0,17581,0.725
Game_1333,Adventure,2011,0.0,27440,0.721
Game_1334,Strategy;Puzzle;Sports,2013,4.26,7555,0.805
Game_1335,Racing;Puzzle;Sports,2015,0.0,38286,0.737
Game_1336,Racing;Action;Simulation,2000,23.26,7625,0.82
Game_1337,Racing;Adventure;Puzzle,2014,0.0,35300,0.928
Game_1338,Indie;Simulation;Casual,2019,1.76,23605,0.574
Game_1339,Puzzle,2000,5.62,36885,0.788
Game_1340,Action;Sports;Simulation,2009,13.49,8759,0.79
Game_1341,Sports;Adventure;Action,2008,0.15,10470,0.556
Game_1342,Adventure;RPG,2008,3.27,12611,0.817
Game_1343,Indie;Racing,2011,0.51,38984,0.733
Game_1344,Racing;Puzzle;Indie,2003,26.4,13267,0.756
Game_1345,Strategy;Simulation;Sports,2012,17.51,16770,0.869
Game_1346,Strategy;Racing;Casual,2001,1.05,6986,0.78
Game_1347,Simulation;Action;Strategy,2002,4.39,11654,0.872
Game_1348,Adventure;RPG;Sports,2013,11.97,42802,0.47
Game_1349,Adventure;Puzzle;Casual,2022,2.98,6077,0.659
Game_1350,Simulation;RPG;Puzzle,2017,10.61,45618,0.374
Game_1351,Strategy;Indie,2008,3.57,41516,0.838
Game_1352,Racing;Strategy,2008,15.91,47402,0.883
Game_1353,Simulation;Strategy,2012,1.94,31159,0.841
Game_1354,Adventure,2000,8.92,34204,0.809
Game_1355,Strategy;Puzzle;Simulation,2016,7.42,42065,0.87
Game_1356,Adventure;RPG,2003,1.91,35474,0.782
Game_1357,Action,2017,12.48,28070,0.671
Game_1358,Adventure;Action;Simulation,2009,0.0,21054,0.747
Game_1359,Adventure;Casual,2009,1.66,43014,0.721
Game_1360,Indie;Racing,2011,0.0,15807,0.714
Game_1361,Casual;Racing;Puzzle,2003,2.53,27828,0.542
Game_1362,Simulation;Racing,2005,30.57,3011,0.464
Game_1363,Sports,2005,10.39,32292,0.535
Game_1364,Strategy,2021,43.34,6592,0.764
Game_1365,Indie;Sports,2004,12.13,2818,0.592
Game_1366,Casual;Puzzle;Sports,2003,0.36,14824,0.894
Game_1367,Sports,2006,17.92,33482,0.747
Game_1368,Action;Indie,2010,40.9,41199,0.662
Game_1369,Strategy;Sports,2015,6.63,29885,0.451
Game_1370,Sports;Action,2010,13.93,32701,0.885
Game_1371,Indie,2013,8.94,12103,0.912
Game_1372,Indie;RPG,2012,1.36,5338,0.731
Game_1373,Adventure;Puzzle;Casual,2004,2.01,5636,0.935
Game_1374,Simulation;Puzzle,2000,0.77,3752,0.8
Game_1375,Indie;Strategy;Adventure,2017,15.26,17359,0.973
Game_1376,RPG;Strategy;Simulation,2023,10.28,37398,0.396
Game_1377,Puzzle,2001,0.05,3009,0.934
Game_1378,Sports;Puzzle,2022,12.97,17331,0.746
Game_1379,Puzzle,2022,1.24,30041,0.862
Game_1380,Adventure;Simulation,2019,21.95,2980,0.871
Game_1381,Simulation,2014,29.64,27297,0.75
Game_1382,Strategy,2008,0.15,19879,0.859
Game_1383,Puzzle,2014,8.25,45890,0.824
Game_1384,Casual,2000,7.42,24818,0.666
Game_1385,RPG;Adventure,2007,3.57,25878,0.858
Game_1386,Casual;Simulation;Adventure,2009,37.48,42511,0.712
Game_1387,Indie,2012,5.35,36486,0.817
Game_1388,RPG;Adventure;Casual,2006,0.0,27399,0.917
Game_1389,Simulation;Casual,2010,16.6,33199,0.972
Game_1390,Racing;Sports;Puzzle,2018,7.3,20182,0.734
Game_1391,Puzzle,2023,9.12,34983,0.57
Game_1392,Casual;Sports,2020,5.27,15434,0.777
Game_1393,Sports,2001,7.09,15682,0.926
Game_1394,Casual;Strategy,2014,5.52,41422,0.471
Game_1395,Racing;Casual;Puzzle,2011,6.3,20767,0.582
Game_1396,Strategy,2013,1.11,26566,0.603
Game_1397,RPG;Casual;Racing,2019,7.82,5988,0.946
Game_1398,Simulation;Strategy;Action,2008,4.5,17184,0.74
Game_1399,Simulation,2013,0.0,32523,0.762
Game_1400,Action;Strategy,2022,0.0,26518,0.376
Game_1401,Casual;Indie,2014,3.19,15121,0.606
Game_1402,Sports,2013,20.84,1491,0.951
Game_1403,Racing,2022,2.3,27439,0.734
Game_1404,Racing;Strategy,2000,12.57,17449,0.659
Game_1405,Sports;Strategy;Puzzle,2009,4.72,46076,0.8
Game_1406,Strategy;Puzzle,2012,0.0,2188,0.708
Game_1407,Casual;Adventure;Action,2000,6.32,34145,0.772
Game_1408,Indie;RPG,2011,7.11,19152,0.641
Game_1409,Action;RPG,2023,8.11,13383,0.7
Game_1410,Indie;Racing;RPG,2019,16.08,35696,0.67
Game_1411,Casual;Strategy;Racing,2000,9.62,25732,0.964
Game_1412,Racing;Puzzle,2021,1.39,3730,0.865
Game_1413,Adventure;Puzzle;RPG,2019,15.0,30108,0.102
Game_1414,Racing,2021,18.2,8928,0.918
Game_1415,Simulation,2003,11.69,42507,0.729
Game_1416,Racing,2022,46.54,12066,0.576
Game_1417,Action;Strategy;Indie,2000,28.82,39688,0.559
Game_1418,Sports;Adventure,2000,21.71,16456,0.725
Game_1419,Indie,2008,22.92,15761,0.865
Game_1420,RPG,2020,12.92,102,0.706
Game_1421,Action,2021,16.52,45982,0.592
Game_1422,Strategy;RPG,2015,2.81,27607,0.571
Game_1423,Simulation;Adventure,2000,4.9,7369,0.436
Game_1424,Strategy,2021,1.34,1722,0.833
Game_1425,Adventure,2006,0.0,13804,0.576
Game_1426,Indie;Puzzle;Simulation,2018,3.04,24634,0.426
Game_1427,Puzzle,2006,5.7,1693,0.596
Game_1428,Sports;Casual;Racing,2014,1.52,18048,0.487
Game_1429,Indie,2002,0.58,15563,0.837
Game_1430,Indie;Action;Simulation,2024,11.71,43648,0.522
Game_1431,Racing;RPG;Casual,2002,4.23,20702,0.607
Game_1432,Simulation,2023,16.95,5228,0.871
Game_1433,RPG,2022,0.0,12065,0.701
Game_1434,RPG,2003,6.92,41311,0.573
Game_1435,Puzzle;RPG,2017,0.98,630,0.734
Game_1436,Racing,2008,0.0,6657,0.579
Game_1437,Adventure,2007,0.0,525,0.871
Game_1438,Casual,2008,5.79,2463,0.663
Game_1439,Sports;Action;RPG,2005,9.73,46198,0.641
Game_1440,Casual,2024,19.54,49539,0.615
Game_1441,Casual,2001,3.69,36740,0.858
Game_1442,Indie,2008,4.11,4593,0.695
Game_1443,Casual;Simulation,2008,0.0,34919,0.544
Game_1444,Indie,2010,18.98,38633,0.709
Game_1445,Sports;Strategy,2007,25.38,39286,0.425
Game_1446,Casual;RPG;Sports,2016,29.44,37355,0.724
Game_1447,Sports;Strategy;Adventure,2022,6.75,34709,0.888
Game_1448,Adventure;Sports,2016,2.24,22117,0.751
Game_1449,Racing;RPG;Simulation,2005,5.88,3072,0.603
Game_1450,Strategy,2024,5.61,41192,0.887
Game_1451,Strategy,2010,1.36,46286,0.95
Game_1452,Simulation,2007,10.83,25008,0.851
Game_1453,Puzzle,2017,11.3,21440,0.718
Game_1454,Action;Adventure,2024,5.42,45886,0.903
Game_1455,Strategy;Simulation,2008,7.37,22671,0.656
Game_1456,Adventure,2005,3.85,18534,0.807
Game_1457,Racing;Sports,2019,10.31,44328,0.683
Game_1458,Indie,2011,0.89,46343,0.952
Game_1459,Sports;Indie;Strategy,2018,0.0,10225,0.805
Game_1460,RPG;Simulation,2011,1.06,13767,0.708
Game_1461,RPG,2000,0.07,15640,0.596
Game_1462,Simulation;Racing;Casual,2009,5.66,7983,0.95
Game_1463,Puzzle;Strategy;Simulation,2021,20.82,42750,0.811
Game_1464,Action;Puzzle;Adventure,2023,5.35,48691,0.794
Game_1465,Strategy,2009,0.0,25983,0.79
Game_1466,Action;Adventure,2017,2.76,35566,0.865
Game_1467,Casual,2002,25.07,21007,0.657
Game_1468,Strategy;Puzzle,2005,0.0,49779,0.765
Game_1469,Action;Sports;Indie,2017,14.83,47728,0.891
Game_1470,Casual,2001,1.73,37472,0.435
Game_1471,RPG;Casual;Puzzle,2018,53.0,44435,0.534
Game_1472,Adventure,2024,15.13,6739,0.845
Game_1473,Simulation,2001,38.06,44369,0.7
Game_1474,RPG,2014,19.2,21331,0.708
Game_1475,Adventure;Simulation;Casual,2008,6.78,10610,0.565
Game_1476,Action,2016,15.39,46561,0.785
Game_1477,Sports,2022,6.63,42194,0.647
Game_1478,RPG,2002,9.6,6744,0.785
Game_1479,Indie;Sports;Adventure,2016,1.5,32834,0.947
Game_1480,Adventure;Action,2004,32.67,44103,0.933
Game_1481,Indie,2013,0.0,34576,0.883
Game_1482,Strategy;Adventure,2011,0.79,24102,0.712
Game_1483,Casual,2012,15.68,2391,0.738
Game_1484,Puzzle;Indie;Strategy,2019,8.16,24798,0.347
Game_1485,Action;Puzzle;Simulation,2015,9.82,27786,0.788
Game_1486,Adventure;Sports;Casual,2008,11.69,42140,0.574
Game_1487,Strategy,2016,2.14,10928,0.897
Game_1488,Adventure;Indie,2014,11.16,10325,0.679
Game_1489,Sports;Adventure,2001,19.33,46355,0.885
Game_1490,Adventure,2015,9.86,41890,0.828
Game_1491,Adventure;Simulation;Racing,2008,2.81,28081,0.79
Game_1492,RPG;Casual,2003,15.75,22290,0.664
Game_1493,Sports,2013,21.46,30869,0.565
Game_1494,Casual;Puzzle;Adventure,2012,0.0,7610,0.52
Game_1495,Racing;Action;Casual,2018,42.51,12164,0.637
Game_1496,Strategy,2010,33.59,27088,0.675
Game_1497,Simulation;Indie,2018,13.21,21068,0.79
Game_1498,Casual,2007,2.69,8905,0.583
Game_1499,Sports,2015,14.27,26470,0.807
Game_1500,Puzzle;Strategy;Indie,2024,0.3,32654,0.873
Game_1501,Adventure,2014,18.27,40602,0.51
Game_1502,Adventure;Casual,2017,27.3,31499,0.893
Game_1503,Adventure,2009,0.02,30579,0.619
Game_1504,Puzzle,2016,28.11,27830,0.959
Game_1505,Sports;Simulation,2020,4.71,5651,0.498
Game_1506,Sports;Simulation,2021,8.16,19215,0.673
Game_1507,Casual;Indie,2022,0.25,22539,0.694
Game_1508,RPG;Adventure,2007,11.06,26197,0.546
Game_1509,Indie;Racing;RPG,2021,1.05,14776,0.692
Game_1510,Action,2008,2.7,37201,0.812
Game_1511,RPG;Indie,2021,20.76,26945,0.694
Game_1512,Racing;Puzzle,2000,18.56,15280,0.619
Game_1513,Indie;Sports,2022,0.0,23491,0.542
Game_1514,RPG;Action,2005,5.81,35493,0.633
Game_1515,Indie;Strategy;Sports,2005,15.58,1116,0.708
Game_1516,Adventure;Indie,2013,2.65,17057,0.508
Game_1517,Strategy;Adventure,2012,11.56,10375,0.837
Game_1518,Racing;Action,2003,0.72,16077,0.736
Game_1519,Simulation;Puzzle;Casual,2013,0.0,33003,0.92
Game_1520,Sports,2020,7.32,10672,0.602
Game_1521,Puzzle;Sports,2012,1.05,27216,0.462
Game_1522,Simulation,2014,0.0,18858,0.849
Game_1523,Racing;Casual;Strategy,2021,13.95,2664,0.848
Game_1524,Adventure;Action;Puzzle,2004,1.3,44276,0.356
Game_1525,Action;RPG;Indie,2008,14.57,29883,0.813
Game_1526,Action;Puzzle,2022,3.31,14859,0.489
Game_1527,Sports;Racing,2004,0.0,25162,0.84
Game_1528,RPG,2006,24.89,49351,0.862
Game_1529,Racing;Sports,2006,3.92,7510,0.952
Game_1530,Sports;Puzzle;Adventure,2020,0.0,42580,0.552
Game_1531,Racing,2003,3.78,97,0.648
Game_1532,Racing,2009,0.0,43208,0.519
Game_1533,Puzzle;Casual,2010,14.32,16770,0.749
Game_1534,RPG;Adventure,2002,1.74,14802,0.752
Game_1535,RPG;Adventure,2002,1.83,38984,0.711
Game_1536,Racing,2009,3.84,8180,0.921
Game_1537,Indie;Casual,2002,0.0,6651,0.501
Game_1538,Racing;Simulation,2024,0.0,23335,0.443
Game_1539,Sports,2011,6.49,47221,0.825
Game_1540,Puzzle;Adventure,2000,3.72,16570,0.853
Game_1541,RPG;Sports;Indie,2015,4.78,27122,0.837
Game_1542,Action,2018,13.48,19893,0.793
Game_1543,Indie,2015,52.27,37919,0.775
Game_1544,Adventure;Sports,2014,11.43,44964,0.882
Game_1545,Adventure;Strategy;Action,2002,9.85,48842,0.729
Game_1546,RPG,2018,13.74,13456,0.861
Game_1547,Casual;Adventure;Action,2024,19.16,13132,0.665
Game_1548,Casual;Action,2009,9.37,46227,0.661
Game_1549,Casual,2003,12.04,29142,0.471
Game_1550,Strategy;Simulation,2005,7.37,16400,0.958
Game_1551,Racing;Puzzle,2016,6.62,17032,0.591
Game_1552,RPG;Casual,2016,3.13,8821,0.769
Game_1553,Simulation;Casual,2022,5.0,4227,0.907
Game_1554,RPG,2010,19.86,17330,0.587
Game_1555,Adventure;Action;Simulation,2022,8.29,39675,0.924
Game_1556,Sports,2006,1.46,32974,0.723
Game_1557,RPG;Racing;Adventure,2012,6.4,604,0.534
Game_1558,RPG;Adventure;Strategy,2016,22.41,2233,0.904
Game_1559,Strategy;Racing,2006,0.0,43441,0.594
Game_1560,Simulation,2009,0.0,39677,0.625
Game_1561,Action;Strategy;Casual,2020,34.96,39727,0.711
Game_1562,Simulation;Casual,2014,4.55,43089,0.856
Game_1563,RPG,2015,6.48,31920,0.817
Game_1564,Adventure,2015,15.56,16881,0.899
Game_1565,Puzzle;Adventure,2019,2.38,29556,0.99
Game_1566,Indie;Racing,2024,17.11,32102,0.817
Game_1567,Action;Puzzle,2009,4.18,42283,0.896
Game_1568,Action,2008,0.03,26580,0.837
Game_1569,Indie;Action;Strategy,2022,36.94,2785,0.594
Game_1570,Simulation,2011,5.67,31122,0.638
Game_1571,Sports,2023,7.26,36819,0.963
Game_1572,Casual;Puzzle;Action,2022,2.79,47278,0.675
Game_1573,Racing;Sports;Indie,2018,4.0,9020,0.915
Game_1574,Simulation;Indie;Sports,2018,7.85,43011,0.619
Game_1575,Simulation,2023,29.2,1017,0.735
Game_1576,RPG;Adventure,2006,8.56,36526,0.8
Game_1577,Puzzle,2011,1.44,15614,0.953
Game_1578,Simulation;Adventure,2013,12.46,5874,0.456
Game_1579,Racing;Action;Casual,2004,0.0,16358,0.747
Game_1580,Indie,2012,0.0,27594,0.718
Game_1581,Racing;Action,2016,13.13,9630,0.892
Game_1582,Sports;Adventure,2012,5.33,27525,0.456
Game_1583,Strategy;RPG,2016,0.0,35541,0.579
Game_1584,RPG;Simulation;Adventure,2002,2.57,43802,0.929
Game_1585,Racing;Strategy;Action,2012,3.75,27945,0.753
Game_1586,Simulation,2023,15.35,30071,0.951
Game_1587,Indie;RPG,2006,13.86,46003,0.765
Game_1588,Puzzle;RPG;Indie,2011,15.7,1731,0.665
Game_1589,Strategy,2015,0.0,38084,0.368
Game_1590,Simulation;Strategy,2015,5.86,48872,0.34
Game_1591,Indie;Racing,2004,0.0,41306,0.78
Game_1592,Indie,2002,3.24,46139,0.604
Game_1593,Casual;Action;Sports,2018,1.04,45125,0.861
Game_1594,Action;Indie,2013,0.0,29449,0.851
Game_1595,Racing,2022,20.97,40317,0.411
Game_1596,Simulation,2024,8.44,18200,0.885
Game_1597,Action,2004,0.88,5906,0.41
Game_1598,Simulation,2009,2.65,4240,0.518
Game_1599,Action;Sports;RPG,2020,2.88,9273,0.82
Game_1600,Adventure,2007,9.76,36204,0.696
Game_1601,Indie;Racing,2004,10.39,20090,0.637
Game_1602,Indie;Sports,2003,0.0,40571,0.656
Game_1603,Strategy;Action,2012,0.0,16603,0.827
Game_1604,Casual;RPG,2009,5.39,39543,0.83
Game_1605,Adventure;Action,2023,0.0,44271,0.784
Game_1606,Indie;Racing;Sports,2024,7.27,16343,0.59
Game_1607,Simulation;Strategy;Adventure,2002,5.14,26209,0.738
Game_1608,Puzzle,2022,9.65,26827,0.536
Game_1609,Adventure,2002,2.8,43796,0.889
Game_1610,Racing;Casual,2017,0.0,18741,0.693
Game_1611,Sports,2023,0.0,19358,0.841
Game_1612,Adventure;Action,2008,28.36,38777,0.651
Game_1613,Sports;Casual,2003,0.0,45325,0.438
Game_1614,Indie;RPG,2001,9.33,1417,0.435
Game_1615,RPG;Simulation,2008,0.0,3586,0.813
Game_1616,Sports;Simulation;Racing,2023,2.08,46669,0.706
Game_1617,Strategy,2011,3.32,22277,0.896
Game_1618,RPG;Indie;Adventure,2010,5.82,27953,0.792
Game_1619,Indie;Casual,2000,20.42,45056,0.776
Game_1620,Puzzle;Adventure;Casual,2016,0.5,19849,0.484
Game_1621,Adventure;Casual,2004,7.03,22481,0.623
Game_1622,Strategy;Puzzle;Simulation,2017,20.93,42358,0.868
Game_1623,Sports;Adventure,2020,26.65,36634,0.734
Game_1624,Racing;Simulation;Indie,2019,0.0,34681,0.663
Game_1625,Strategy;RPG,2012,2.16,18043,0.324
Game_1626,Strategy;RPG;Adventure,2016,4.01,35089,0.553
Game_1627,Adventure,2009,21.86,41460,0.854
Game_1628,Casual;RPG;Action,2017,10.59,45656,0.796
Game_1629,Indie,2017,0.0,31570,0.752
Game_1630,Simulation;Casual;Adventure,2004,11.98,43588,0.703
Game_1631,Indie;Simulation;Sports,2008,6.52,40592,0.721
Game_1632,Racing,2019,12.37,36572,0.837
Game_1633,Action;RPG,2010,11.56,26824,0.873
Game_1634,RPG;Casual,2005,8.03,21743,0.918
Game_1635,Action;Sports,2024,2.55,31880,0.576
Game_1636,Strategy,2021,7.47,44266,0.622
Game_1637,Racing;Puzzle,2019,0.0,26432,0.776
Game_1638,Indie;Adventure;Strategy,2010,26.06,34991,0.549
Game_1639,Adventure;Casual,2013,3.47,28365,0.46
Game_1640,Adventure;Action,2023,9.9,32436,0.693
Game_1641,Action;Indie;Casual,2013,9.32,34458,0.59
Game_1642,Indie;Sports;Simulation,2020,28.73,2602,0.811
Game_1643,Adventure;RPG;Puzzle,2021,0.0,6042,0.884
Game_1644,Action;Adventure,2020,1.05,1944,0.758
Game_1645,Indie,2015,14.65,38428,0.88
Game_1646,Strategy,2008,4.88,44768,0.713
Game_1647,Casual,2008,0.18,17760,0.625
Game_1648,Adventure,2020,22.54,3788,0.914
Game_1649,Simulation,2010,34.16,628,0.615
Game_1650,Adventure;Action,2006,11.35,22248,0.495
Game_1651,Strategy,2004,17.34,32183,0.761
Game_1652,Action;Casual;Sports,2015,11.19,16657,0.766
Game_1653,Sports;Strategy,2023,9.48,30681,0.743
Game_1654,Action,2009,0.0,7673,0.897
Game_1655,Sports,2016,1.61,36291,0.769
Game_1656,Sports,2007,1.86,16522,0.811
Game_1657,Casual;Simulation;Indie,2009,0.0,49915,0.789
Game_1658,Casual;RPG;Racing,2010,3.91,38474,0.688
Game_1659,Strategy;Casual,2008,3.34,23072,0.533
Game_1660,Action;Indie;RPG,2021,0.0,47321,0.826
Game_1661,Strategy,2022,14.06,48666,0.558
Game_1662,Sports,2006,0.89,9861,0.82
Game_1663,Racing,2009,7.81,28889,0.871
Game_1664,Strategy;Action,2000,1.14,32728,0.942
Game_1665,Adventure,2018,0.0,17893,0.796
Game_1666,RPG;Sports;Casual,2017,0.0,49958,0.796
Game_1667,Sports;Indie,2020,30.64,33889,0.904
Game_1668,Racing;Indie;Action,2013,6.98,38073,0.711
Game_1669,Sports;Simulation,2022,6.09,9822,0.776
Game_1670,Strategy,2003,0.0,45103,0.404
Game_1671,Racing;Strategy,2009,9.43,48314,0.88
Game_1672,Simulation,2011,18.35,45215,0.324
Game_1673,Puzzle,2019,13.62,22052,0.775
Game_1674,Racing;Simulation;Sports,2005,5.01,46710,0.73
Game_1675,RPG;Casual;Action,2008,20.35,531,0.796
Game_1676,Simulation,2002,9.61,10184,0.325
Game_1677,Puzzle;Indie,2023,10.19,32766,0.4
Game_1678,Action,2011,37.88,38636,0.844
Game_1679,RPG;Action,2000,0.0,6016,0.916
Game_1680,Strategy;Racing,2005,11.22,14662,0.611
Game_1681,Simulation;Indie,2014,11.1,4445,0.752
Game_1682,Casual;Adventure;Indie,2012,14.26,5185,0.506
Game_1683,Indie,2012,5.81,1177,0.959
Game_1684,RPG;Racing,2001,18.99,49567,0.798
Game_1685,Action;Indie;Sports,2021,0.0,44148,0.909
Game_1686,Simulation;Casual,2020,20.59,30429,0.949
Game_1687,Casual;Indie,2005,19.03,1683,0.937
Game_1688,Puzzle;Simulation,2009,0.0,36515,0.834
Game_1689,Simulation,2002,19.69,26860,0.824
Game_1690,Puzzle;Action;Simulation,2003,0.0,38817,0.901
Game_1691,Puzzle,2021,16.08,24471,0.65
Game_1692,Puzzle,2002,6.26,426,0.891
Game_1693,Casual;Indie,2008,19.32,45551,0.719
Game_1694,Strategy;Racing,2024,13.36,43984,0.499
Game_1695,RPG;Casual,2008,2.22,45557,0.883
Game_1696,Strategy,2017,1.46,33079,0.607
Game_1697,Action;Adventure;Puzzle,2002,25.22,46044,0.402
Game_1698,Indie;Puzzle;Action,2021,14.77,3561,0.56
Game_1699,Racing;Strategy,2023,0.0,20000,0.842
Game_1700,Action;Simulation,2022,12.39,16007,0.444
Game_1701,Puzzle;Indie;Casual,2015,17.76,23675,0.396
Game_1702,Simulation;Casual,2024,2.95,2071,0.514
Game_1703,Simulation,2017,1.46,41283,0.629
Game_1704,Action,2009,5.19,14942,0.478
Game_1705,Action;Casual,2022,0.0,6007,0.917
Game_1706,Puzzle;Casual;Adventure,2006,0.38,9889,0.621
Game_1707,Racing,2021,9.19,5720,0.968
Game_1708,Simulation,2023,14.11,34316,0.892
Game_1709,Adventure;Simulation;Sports,2011,1.76,46086,0.861
Game_1710,Puzzle,2005,17.35,4189,0.887
Game_1711,Adventure;Simulation,2003,0.0,1471,0.791
Game_1712,RPG,2013,0.0,44012,0.699
Game_1713,Simulation;Casual,2016,2.05,19143,0.619
Game_1714,Casual;Sports,2014,5.69,6026,0.551
Game_1715,Strategy,2016,0.0,9747,0.381
Game_1716,Simulation,2000,12.6,33821,0.904
Game_1717,Casual;Racing,2001,10.46,4199,0.654
Game_1718,Puzzle,2006,10.7,20126,0.639
Game_1719,Simulation;Indie,2022,3.58,48693,0.681
Game_1720,Puzzle;Casual;Sports,2012,0.0,21545,0.884
Game_1721,RPG,2008,4.75,8297,0.265
Game_1722,RPG;Casual;Racing,2016,2.05,37943,0.742
Game_1723,Action;Sports;Puzzle,2010,4.82,21598,0.738
Game_1724,Casual,2003,5.77,19895,0.389
Game_1725,Puzzle;Simulation,2012,19.72,12808,0.653
Game_1726,Puzzle;Indie,2017,0.0,37657,0.737
Game_1727,Puzzle;Adventure,2022,12.87,24558,0.836
Game_1728,Strategy;Casual,2009,25.98,24199,0.886
Game_1729,Simulation;Adventure,2004,16.55,38344,0.625
Game_1730,Indie;Simulation,2021,25.06,18144,0.815
Game_1731,Simulation;Casual;Adventure,2009,5.94,32985,0.324
Game_1732,Simulation;Strategy;Action,2003,3.38,8606,0.407
Game_1733,RPG,2012,5.23,28587,0.572
Game_1734,Indie,2001,10.14,21433,0.445
Game_1735,Indie;Adventure,2024,17.1,25534,0.637
Game_1736,Simulation;RPG,2019,0.64,18259,0.751
Game_1737,Adventure;Action;Racing,2010,8.81,6592,0.958
Game_1738,Sports;Strategy,2013,1.11,46025,0.513
Game_1739,Sports,2009,3.01,20125,0.739
Game_1740,Casual;Sports;Strategy,2011,5.58,37362,0.204
Game_1741,Sports;Simulation;Puzzle,2023,23.6,45263,0.599
Game_1742,Adventure,2018,6.36,22179,0.86
Game_1743,Strategy;Indie;Casual,2016,8.42,41026,0.358
Game_1744,Strategy;Adventure,2024,8.33,21950,0.752
Game_1745,Action,2004,1.21,3236,0.651
Game_1746,RPG,2022,15.25,44115,0.822
Game_1747,Action,2004,3.73,42022,0.827
Game_1748,Simulation,2006,5.58,28300,0.918
Game_1749,RPG;Adventure;Racing,2016,26.6,41401,0.845
Game_1750,Simulation;Casual;Sports,2003,1.76,33468,0.906
Game_1751,Casual;Adventure;Racing,2011,9.24,40098,0.725
Game_1752,Simulation;Strategy,2008,5.29,2837,0.57
Game_1753,Action,2000,6.96,40740,0.48
Game_1754,Sports;Casual;Puzzle,2004,9.4,10717,0.751
Game_1755,Casual;Action;Adventure,2011,15.44,49151,0.669
Game_1756,Simulation;Indie,2002,0.0,48314,0.447
Game_1757,Indie,2023,3.05,2760,0.871
Game_1758,Sports;Racing;RPG,2010,37.08,32586,0.49
Game_1759,RPG;Puzzle,2018,4.55,19190,0.663
Game_1760,Indie;Adventure,2005,1.97,12741,0.879
Game_1761,Action;Sports;Strategy,2013,0.0,48421,0.51
Game_1762,Casual,2002,0.0,20071,0.928
Game_1763,Action,2004,1.26,27633,0.835
Game_1764,Simulation,2017,1.91,15670,0.752
Game_1765,Action;Sports;Adventure,2008,9.96,34114,0.492
Game_1766,RPG,2024,19.16,12623,0.709
Game_1767,Puzzle,2024,0.34,18092,0.629
Game_1768,Strategy,2003,0.0,35257,0.671
Game_1769,Indie;Adventure,2016,1.79,10594,0.457
Game_1770,Action;Indie;Casual,2019,2.82,39233,0.517
Game_1771,RPG;Adventure;Strategy,2006,60.0,48921,0.777
Game_1772,Adventure;RPG,2021,10.32,35199,0.634
Game_1773,Sports,2018,4.84,18082,0.364
Game_1774,Strategy;Puzzle,2008,17.23,9075,0.894
Game_1775,RPG;Adventure;Sports,2002,0.49,28043,0.792
Game_1776,Casual,2011,38.5,21896,0.799
Game_1777,Simulation;Sports;Puzzle,2009,1.71,12190,0.869
Game_1778,Casual;Strategy,2013,3.58,18355,0.609
Game_1779,Action;RPG;Strategy,2005,9.01,48347,0.835
Game_1780,Strategy,2007,17.28,8442,0.702
Game_1781,RPG;Indie;Puzzle,2022,0.0,12920,0.917
Game_1782,Puzzle;Action;Casual,2021,13.79,17430,0.727
Game_1783,Adventure;Puzzle;Simulation,2018,0.0,45697,0.831
Game_1784,Racing;Sports,2008,2.42,17918,0.58
Game_1785,Puzzle,2012,11.5,14590,0.547
Game_1786,Indie;Racing,2007,2.45,14873,0.669
Game_1787,Action;Sports,2010,14.82,47346,0.549
Game_1788,Racing;Sports,2012,18.84,17689,0.567
Game_1789,Racing;Strategy,2021,0.0,18366,0.772
Game_1790,Puzzle;Indie,2019,18.43,18221,0.786
Game_1791,Strategy;RPG;Adventure,2004,0.0,43603,0.937
Game_1792,Sports;Action,2023,2.89,35516,0.926
Game_1793,Racing;Puzzle;Casual,2001,17.83,29991,0.36
Game_1794,Adventure,2001,1.38,10660,0.87
Game_1795,Strategy,2021,4.98,5691,0.894
Game_1796,Casual;Puzzle;Indie,2007,1.38,4401,0.603
Game_1797,Indie;Casual;Action,2021,9.02,14781,0.881
Game_1798,Sports;Adventure;Puzzle,2001,3.26,39579,0.833
Game_1799,Indie;Casual,2006,4.91,38044,0.839
Game_1800,Puzzle;RPG,2020,0.03,39116,0.493
Game_1801,Simulation;Adventure,2004,0.0,33376,0.809
Game_1802,Adventure;Sports;Racing,2012,6.6,25783,0.459
Game_1803,Racing;Simulation,2018,19.73,17804,0.915
Game_1804,RPG;Racing;Strategy,2008,11.81,36335,0.862
Game_1805,Action;Racing,2003,10.0,9767,0.878
Game_1806,Sports,2020,9.03,3427,0.689
Game_1807,Adventure;Sports;Casual,2015,0.0,41441,0.864
Game_1808,Casual;Adventure;Racing,2022,2.53,23722,0.73
Game_1809,Puzzle;Adventure,2017,0.0,31119,0.575
Game_1810,RPG;Racing;Simulation,2018,1.88,47851,0.569
Game_1811,Sports;RPG;Puzzle,2015,4.12,34098,0.724
Game_1812,Strategy,2016,11.26,38217,0.507
Game_1813,Puzzle;Strategy;Action,2010,21.85,23953,0.88
Game_1814,Casual;RPG;Sports,2023,4.37,15927,0.69
Game_1815,Casual;Sports;Action,2020,5.36,17517,0.725
Game_1816,Sports;Simulation,2006,0.0,45043,0.744
Game_1817,Indie;Action;Strategy,2023,0.0,19112,0.657
Game_1818,RPG;Simulation;Action,2005,3.03,46678,0.951
Game_1819,Simulation;RPG;Racing,2017,2.73,1555,0.741
Game_1820,RPG,2023,3.74,14636,0.852
Game_1821,Strategy,2010,6.95,47188,0.833
Game_1822,Adventure;Indie;Casual,2004,7.82,28993,0.662
Game_1823,RPG;Strategy,2024,10.49,18327,0.571
Game_1824,Simulation;RPG;Sports,2019,1.75,8780,0.775
Game_1825,Puzzle,2011,12.35,24148,0.839
Game_1826,Adventure,2024,25.56,47874,0.438
Game_1827,Indie;Strategy,2002,9.81,17857,0.496
Game_1828,Indie;Sports,2013,3.37,24086,0.801
Game_1829,Strategy;Racing;Simulation,2004,0.0,17759,0.901
Game_1830,Action;Racing;Casual,2004,2.12,43039,0.589
Game_1831,Adventure;RPG;Sports,2008,9.71,34280,0.923
Game_1832,Casual;Racing,2014,6.95,30840,0.691
Game_1833,Puzzle;Action,2004,0.0,33517,0.912
Game_1834,Casual,2013,0.0,20586,0.321
Game_1835,Indie;Puzzle;Action,2019,23.57,40511,0.861
Game_1836,Indie,2003,0.66,30680,0.725
Game_1837,Action,2000,9.78,3589,0.782
Game_1838,Strategy,2018,5.02,18678,0.815
Game_1839,Action;Simulation;Indie,2010,0.38,43702,0.753
Game_1840,RPG,2004,26.01,12739,0.558
Game_1841,Simulation,2021,0.0,47834,0.603
Game_1842,Strategy;Racing;Sports,2010,11.07,40748,0.728
Game_1843,Adventure,2002,0.0,49455,0.929
Game_1844,Action;Indie,2007,16.43,39886,0.78
Game_1845,Simulation,2014,8.1,6439,0.908
Game_1846,Strategy;Puzzle,2007,20.8,9544,0.822
Game_1847,Casual;Strategy;Simulation,2023,14.89,24334,0.499
Game_1848,Simulation,2015,8.13,17916,0.356
Game_1849,Casual;RPG,2001,4.26,46952,0.962
Game_1850,Adventure;RPG;Action,2008,6.78,42433,0.982
Game_1851,Sports;Action,2008,2.28,37946,0.545
Game_1852,Casual;Indie;Racing,2003,0.94,47045,0.611
Game_1853,Indie;Puzzle,2000,4.79,3010,0.774
Game_1854,RPG,2002,11.95,35096,0.627
Game_1855,Sports,2017,13.03,43515,0.911
Game_1856,Racing;Action,2006,33.7,48759,0.573
Game_1857,Action,2010,0.0,41927,0.696
Game_1858,Strategy;Casual,2003,3.89,40455,0.514
Game_1859,Casual,2023,2.95,39008,0.238
Game_1860,Puzzle,2024,21.14,6415,0.935
Game_1861,Action;Indie,2017,0.53,20591,0.691
Game_1862,RPG;Puzzle,2008,24.06,43789,0.941
Game_1863,RPG,2015,0.0,31614,0.595
Game_1864,Sports;Puzzle;Simulation,2009,20.92,13003,0.619
Game_1865,Strategy;RPG,2022,5.58,35796,0.873
Game_1866,Indie,2015,9.31,1300,0.723
Game_1867,Strategy;RPG,2003,2.99,19832,0.902
Game_1868,Racing;Sports;Adventure,2002,6.62,37713,0.459
Game_1869,Action;Racing,2019,0.0,39200,0.822
Game_1870,Simulation;Racing;RPG,2018,14.21,25459,0.794
Game_1871,RPG;Adventure;Strategy,2018,4.84,13664,0.875
Game_1872,Adventure,2008,9.36,24830,0.921
Game_1873,Simulation,2016,1.54,9181,0.931
Game_1874,RPG;Simulation;Puzzle,2006,56.43,46805,0.92
Game_1875,RPG;Puzzle,2015,5.44,42944,0.516
Game_1876,Indie;Casual,2008,14.49,36104,0.357
Game_1877,Racing,2003,1.99,16966,0.696
Game_1878,Indie,2020,0.97,7173,0.592
Game_1879,Action;Sports;Simulation,2020,0.9,2838,0.845
Game_1880,Casual,2019,10.1,19160,0.795
Game_1881,Action;Strategy;RPG,2015,3.49,41634,0.833
Game_1882,RPG,2015,3.97,18497,0.805
Game_1883,Sports,2019,0.0,39950,0.658
Game_1884,Sports;Puzzle,2014,17.22,8835,0.531
Game_1885,Action,2021,0.46,40119,0.9
Game_1886,Puzzle,2019,2.51,3848,0.791
Game_1887,Puzzle,2013,0.0,17044,0.679
Game_1888,Indie,2014,23.49,7502,0.715
Game_1889,Simulation,2023,3.88,30162,0.671
Game_1890,Indie;Racing;Strategy,2012,0.0,9387,0.633
Game_1891,Simulation,2002,2.42,695,0.499
Game_1892,Racing,2021,0.0,16097,0.694
Game_1893,RPG,2000,38.32,114,0.791
Game_1894,Casual,2006,3.7,18969,0.883
Game_1895,Racing,2008,0.0,12963,0.752
Game_1896,Casual,2000,0.85,46662,0.753
Game_1897,RPG,2005,22.42,26265,0.768
Game_1898,Adventure;Strategy,2004,22.83,21991,0.903
Game_1899,Casual;RPG,2013,0.0,30015,0.555
Game_1900,Racing,2022,0.0,6844,0.484
Game_1901,Casual,2007,49.42,6670,0.722
Game_1902,Simulation;Adventure,2009,0.66,7706,0.715
Game_1903,Indie;Simulation,2017,19.01,43383,0.804
Game_1904,Indie,2016,1.07,37265,0.917
Game_1905,RPG;Sports;Simulation,2023,3.46,47977,0.648
Game_1906,Simulation;RPG,2013,5.58,40628,0.723
Game_1907,Puzzle;RPG,2019,31.64,5960,0.908
Game_1908,Strategy;Adventure,2021,0.0,8263,0.772
Game_1909,Strategy,2010,0.0,41192,0.454
Game_1910,Action;Adventure,2020,5.37,27352,0.565
Game_1911,Strategy;Indie;Adventure,2024,2.39,30711,0.893
Game_1912,Sports;Racing;RPG,2002,0.0,11686,0.57
Game_1913,Sports,2019,1.12,25119,0.765
Game_1914,Action,2015,15.28,45106,0.839
Game_1915,Casual,2020,9.95,24453,0.952
Game_1916,Casual,2013,4.72,34397,0.604
Game_1917,Indie;Simulation,2005,0.0,37491,0.987
Game_1918,Sports;Strategy,2010,57.88,46243,0.855
Game_1919,Casual,2017,0.48,10445,0.648
Game_1920,Simulation,2022,16.84,45522,0.555
Game_1921,Casual;Adventure,2001,1.37,30447,0.631
Game_1922,Strategy;Simulation;Casual,2004,3.34,41655,0.831
Game_1923,Simulation;Action;Racing,2005,6.87,13067,0.82
Game_1924,Strategy,2014,0.0,5898,0.893
Game_1925,RPG;Indie,2000,2.61,4258,0.628
Game_1926,Casual;Puzzle,2023,3.1,19168,0.551
Game_1927,Strategy;Adventure;Casual,2017,20.72,27643,0.733
Game_1928,Puzzle;Sports,2022,32.1,14397,0.577
Game_1929,Sports;Puzzle,2000,23.11,13430,0.644
Game_1930,Sports;Strategy,2006,3.77,40805,0.86
Game_1931,Sports,2011,1.96,37132,0.667
Game_1932,Action;Puzzle;Indie,2019,0.0,31716,0.902
Game_1933,Simulation;Action,2016,0.0,32520,0.291
Game_1934,Simulation;Racing;Indie,2010,7.08,42316,0.818
Game_1935,Action;Puzzle,2007,14.64,11216,0.841
Game_1936,Indie;Puzzle;Simulation,2008,2.65,46986,0.968
Game_1937,RPG;Casual;Adventure,2009,0.0,43078,0.521
Game_1938,Sports;Racing;RPG,2017,32.81,17199,0.634
Game_1939,Casual;Adventure;Action,2021,12.76,17349,0.371
Game_1940,RPG;Puzzle;Strategy,2011,8.37,9223,0.578
Game_1941,Racing,2022,16.01,35452,0.699
Game_1942,Puzzle,2007,0.0,15196,0.805
Game_1943,Racing;Simulation;Sports,2021,1.99,13366,0.805
Game_1944,Casual;Simulation;Strategy,2000,1.88,33611,0.596
Game_1945,Simulation,2018,0.65,9829,0.832
Game_1946,Indie,2023,0.0,5650,0.766
Game_1947,Casual;Sports;Action,2006,5.02,43013,0.816
Game_1948,Indie,2017,13.31,1982,0.328
Game_1949,Indie,2001,29.27,45933,0.853
Game_1950,Casual;Indie;Action,2021,9.73,34178,0.78
Game_1951,Puzzle;Racing;Casual,2012,5.63,17602,0.576
Game_1952,Adventure;Simulation,2010,7.07,28210,0.783
Game_1953,Action;Sports,2023,12.17,15748,0.921
Game_1954,RPG;Racing;Action,2023,8.78,20450,0.714
Game_1955,Puzzle;Action,2005,1.44,35128,0.631
Game_1956,Adventure;Action;Racing,2023,21.02,45455,0.883
Game_1957,Adventure;Sports;Strategy,2005,10.4,11368,0.862
Game_1958,Sports,2020,9.27,26675,0.877
Game_1959,Adventure;Racing,2019,5.14,43210,0.849
Game_1960,RPG,2012,8.71,704,0.893
Game_1961,Strategy;Casual,2014,2.9,425,0.728
Game_1962,Indie,2009,9.13,30744,0.942
Game_1963,Action;RPG;Sports,2010,30.74,7106,0.787
Game_1964,Adventure,2012,2.29,49654,0.79
Game_1965,Racing,2021,0.0,6035,0.898
Game_1966,RPG,2012,13.54,36917,0.73
Game_1967,Puzzle;Casual,2014,0.0,15891,0.404
Game_1968,Sports;Adventure,2017,0.0,46195,0.523
Game_1969,Racing;Adventure;RPG,2023,0.0,43307,0.568
Game_1970,Adventure;Puzzle,2021,4.7,39922,0.906
Game_1971,Strategy,2009,21.77,32000,0.7
Game_1972,Indie,2021,1.74,10805,0.82
Game_1973,Puzzle,2011,0.0,5373,0.721
Game_1974,Indie;RPG;Puzzle,2002,8.68,13105,0.828
Game_1975,Simulation,2001,22.1,3945,0.619
Game_1976,Sports;RPG;Casual,2005,12.66,39250,0.686
Game_1977,Action,2009,0.85,14421,0.908
Game_1978,Racing,2010,0.61,22008,0.454
Game_1979,Strategy;Indie,2004,0.0,30991,0.585
Game_1980,Strategy;Simulation;Indie,2004,13.42,35079,0.599
Game_1981,Action;Puzzle,2000,13.26,29687,0.766
Game_1982,Adventure;Puzzle,2022,0.3,36795,0.475
Game_1983,Puzzle,2006,8.68,5711,0.798
Game_1984,Strategy;Casual;Adventure,2016,0.0,13996,0.619
Game_1985,Racing;Adventure,2012,1.82,38039,0.781
Game_1986,Adventure;RPG,2009,9.78,35902,0.758
Game_1987,Indie,2006,0.77,31613,0.266
Game_1988,Strategy;RPG;Racing,2001,3.6,46999,0.504
Game_1989,Strategy;Action;Adventure,2002,3.41,49152,0.957
Game_1990,Casual;Action,2016,15.02,4192,0.837
Game_1991,RPG;Simulation;Racing,2011,6.8,27629,0.598
Game_1992,Sports;Adventure;Racing,2024,13.25,45032,0.252
Game_1993,Action,2003,3.94,16366,0.845
Game_1994,Action;Casual,2023,31.37,2945,0.646
Game_1995,Casual,2002,11.71,5967,0.6
Game_1996,Simulation;Puzzle,2018,0.0,36118,0.793
Game_1997,Strategy;RPG;Adventure,2024,15.53,45955,0.662
Game_1998,Simulation;Puzzle;Casual,2003,2.21,35357,0.622
Game_1999,Adventure;Sports,2011,2.97,1883,0.914
